,timestamp,page_views,ad_spend,is_weekend,day_of_week,is_holiday
0,2022-01-01,1165.9627671592077,194.90142459033697,True,Saturday,True
1,2022-01-02,1191.485835416805,175.85207096486445,True,Sunday,False
2,2022-01-03,1266.9282687117889,269.43065614302077,False,Monday,False
3,2022-01-04,1364.1938584313,295.69089569224076,False,Tuesday,False
4,2022-01-05,1013.282519803795,242.97539875829992,False,Wednesday,False
5,2022-01-06,996.3168890141001,242.9758912915246,False,Thursday,False
6,2022-01-07,1105.347390765418,297.37638446522175,False,Friday,False
7,2022-01-08,1202.5747500338653,203.02304187458725,True,Saturday,False
8,2022-01-09,1333.7579697497808,165.91576842195144,True,Sunday,False
9,2022-01-10,1424.6145178449772,266.2768013075789,False,Monday,False
10,2022-01-11,1425.2990702585332,236.09746921562612,False,Tuesday,False
11,2022-01-12,1035.0224101316626,236.02810739289228,False,Wednesday,False
12,2022-01-13,1010.1459953599131,257.258868146981,False,Thursday,False
13,2022-01-14,1101.0344049117725,192.60159266026608,False,Friday,False
14,2022-01-15,1264.154526175252,128.25246502460902,True,Saturday,False
15,2022-01-16,1442.1782754478327,163.1313741227708,True,Sunday,False
16,2022-01-17,1400.5302692651644,219.6150663899673,False,Monday,False
17,2022-01-18,1113.5561684321,259.4274199778582,False,Tuesday,False
18,2022-01-19,1185.4194066313744,222.75927773436368,False,Wednesday,False
19,2022-01-20,891.08407066417,207.63088895994125,False,Thursday,False
20,2022-01-21,1071.8651548177613,293.96946306764664,False,Friday,False
21,2022-01-22,1124.0235766101314,173.22671098540394,True,Saturday,False
22,2022-01-23,1328.859275791929,182.02584614063773,True,Sunday,False
23,2022-01-24,1453.0382466936285,207.2575544135963,False,Monday,False
24,2022-01-25,1274.1043971467159,233.6685182642445,False,Tuesday,False
25,2022-01-26,1116.176620643574,253.32767769129597,False,Wednesday,False
26,2022-01-27,1120.7388447814822,215.4701926773309,False,Thursday,False
27,2022-01-28,1084.6665201573605,261.27094055037014,False,Friday,False
28,2022-01-29,1199.275723886377,161.98083930243584,True,Saturday,False
29,2022-01-30,1431.835984186524,171.2491875062017,True,Sunday,False
30,2022-01-31,1518.2011491157343,231.94880163311808,False,Monday,False
31,2022-02-01,1159.2721224057084,305.5683455352681,False,Tuesday,False
32,2022-02-02,1139.485326438543,249.59508325786197,False,Wednesday,False
33,2022-02-03,1078.187624123304,218.268672131323,False,Thursday,False
34,2022-02-04,1083.2533445239196,274.67634736309566,False,Friday,False
35,2022-02-05,1342.0545469044662,143.37469050086935,True,Saturday,False
36,2022-02-06,1359.7044500181914,186.26590785014267,True,Sunday,False
37,2022-02-07,1456.3421392983416,191.20989628360672,False,Monday,False
38,2022-02-08,1247.5660602704622,210.15441853304708,False,Tuesday,False
39,2022-02-09,1116.92694622211,255.9058370760737,False,Wednesday,False
40,2022-02-10,924.8053227634383,272.1539973998623,False,Thursday,False
41,2022-02-11,949.3395780217202,255.1410484356991,False,Friday,False
42,2022-02-12,1377.952300634719,176.5305515283528,True,Saturday,False
43,2022-02-13,1350.761674065507,170.96688913232134,True,Sunday,False
44,2022-02-14,1369.6102189851078,205.64434028897716,False,Monday,False
45,2022-02-15,1123.2464146861582,228.40467374815873,False,Tuesday,False
46,2022-02-16,1069.459414004972,236.18083687120637,False,Wednesday,False
47,2022-02-17,929.2561416373919,281.7136667865675,False,Thursday,False
48,2022-02-18,1220.6479160132822,260.3085486870539,False,Friday,False
49,2022-02-19,1332.9901647977804,127.10879533911799,True,Saturday,False
50,2022-02-20,1382.7027301644814,189.72251908184384,True,Sunday,False
51,2022-02-21,1645.5673327371383,238.4475315875105,False,Monday,False
52,2022-02-22,1357.6037166732951,229.69233999082124,False,Tuesday,False
53,2022-02-23,1118.8862798077973,268.35028866522606,False,Wednesday,False
54,2022-02-24,867.718642938244,280.92998567487854,False,Thursday,False
55,2022-02-25,1286.0610676107085,277.93840357348597,False,Friday,False
56,2022-02-26,1172.9052731974211,154.82347430332084,True,Saturday,False
57,2022-02-27,1318.0532863950007,170.72362872446357,True,Sunday,False
58,2022-02-28,1569.9905289284197,259.9379029421069,False,Monday,False
59,2022-03-01,1502.9377568964494,279.2663538136708,False,Tuesday,False
60,2022-03-02,1256.111267157946,235.6247728646413,False,Wednesday,False
61,2022-03-03,1137.4017344517101,244.43023070008547,False,Thursday,False
62,2022-03-04,1191.6598372952114,216.80995077981916,False,Friday,False
63,2022-03-05,1344.0822566758193,144.11380127757988,True,Saturday,False
64,2022-03-06,1499.694847610133,204.37577467182595,True,Sunday,False
65,2022-03-07,1485.0185382619165,290.6872008571247,False,Monday,False
66,2022-03-08,1320.5016762686655,247.83969635258998,False,Tuesday,False
67,2022-03-09,1171.203837255654,280.1059869367607,False,Wednesday,False
68,2022-03-10,1060.8870650370432,260.849080751429,False,Thursday,False
69,2022-03-11,1113.0486424306348,230.6464073618463,False,Friday,False
70,2022-03-12,1177.152322420133,190.8418681652524,True,Saturday,False
71,2022-03-13,1450.866326713794,226.1410969939791,True,Sunday,False
72,2022-03-14,1401.448516750141,248.92521882670147,False,Monday,False
73,2022-03-15,1261.4337083082519,296.9393096744202,False,Tuesday,False
74,2022-03-16,1212.9868520649845,171.40764687730768,False,Wednesday,False
75,2022-03-17,1216.6372307023998,274.6570751312567,False,Thursday,False
76,2022-03-18,1247.3617257119674,252.61141204714514,False,Friday,False
77,2022-03-19,1130.466639784239,171.02977948602398,True,Saturday,False
78,2022-03-20,1396.3866375338378,182.75282329606506,True,Sunday,False
79,2022-03-21,1577.3158538314435,190.37293256197322,False,Monday,False
80,2022-03-22,1267.3737596436977,243.40984336487463,False,Tuesday,False
81,2022-03-23,1162.5297580213573,260.7133771453524,False,Wednesday,False
82,2022-03-24,1121.8859650612687,294.33682134224546,False,Thursday,False
83,2022-03-25,1071.8445720513566,234.45189345179057,False,Friday,False
84,2022-03-26,1325.4501507343796,155.74519191320437,True,Saturday,False
85,2022-03-27,1387.768597015897,164.9472886924639,True,Sunday,False
86,2022-03-28,1449.9702568343707,277.4620635310622,False,Monday,False
87,2022-03-29,1369.100558849271,259.8625332897905,False,Tuesday,False
88,2022-03-30,1048.8879062679152,234.10719388698882,False,Wednesday,False
89,2022-03-31,1171.6774668933008,265.3980229934007,False,Thursday,False
90,2022-04-01,1163.7104744216567,252.9123264804412,False,Friday,False
91,2022-04-02,1351.1466049240223,209.05934971598668,True,Saturday,False
92,2022-04-03,1500.724518752439,158.93840718367943,True,Sunday,False
93,2022-04-04,1623.764046270725,240.17013560206695,False,Monday,False
94,2022-04-05,1390.794088510198,238.2367554060353,False,Tuesday,False
95,2022-04-06,1143.4319619772782,206.09455155603644,False,Wednesday,False
96,2022-04-07,1128.7031756442452,258.8836083119373,False,Thursday,False
97,2022-04-08,1200.4177100916706,257.8316581653967,False,Friday,False
98,2022-04-09,1298.4893950024007,180.15340369927384,True,Saturday,False
99,2022-04-10,1486.3839702997125,172.9623859987456,True,Sunday,False
100,2022-04-11,1465.4523620648902,207.53887773848757,False,Monday,False
101,2022-04-12,1314.2214859732821,237.38064031703922,False,Tuesday,False
102,2022-04-13,1077.6054651749646,239.7185645041969,False,Wednesday,False
103,2022-04-14,1242.7163943787439,225.93168192335145,False,Thursday,False
104,2022-04-15,1060.1358190883702,245.16142865001973,False,Friday,False
105,2022-04-16,1262.3228713088756,192.12152570443615,True,Saturday,False
106,2022-04-17,1408.6894250789162,236.5855770363159,True,Sunday,False
107,2022-04-18,1588.1969606200823,255.23733438495518,False,Monday,False
108,2022-04-19,1353.2295802705826,257.7265117216829,False,Tuesday,False
109,2022-04-20,1329.9967670715703,247.766622527015,False,Wednesday,False
110,2022-04-21,1079.4790230599692,192.43686354102874,False,Thursday,False
111,2022-04-22,1195.9611482673092,249.2045837365235,False,Friday,False
112,2022-04-23,1257.3468279032356,181.80690629823079,True,Saturday,False
113,2022-04-24,1619.0698155694618,253.89726337455858,True,Sunday,False
114,2022-04-25,1425.217202608104,244.22917105656632,False,Monday,False
115,2022-04-26,1396.4231758667336,259.04642027000835,False,Tuesday,False
116,2022-04-27,1292.0730821327022,248.9586469088427,False,Wednesday,False
117,2022-04-28,1160.470880280958,214.93965887141405,False,Thursday,False
118,2022-04-29,1160.0325176937731,284.28468443545063,False,Friday,False
119,2022-04-30,1314.7359036989849,202.55799098060322,True,Saturday,False
120,2022-05-01,1464.5074628488467,203.7309584112914,True,Sunday,False
121,2022-05-02,1529.3686913223066,222.71837635615782,False,Monday,False
122,2022-05-03,1460.8685046517824,292.08382932808297,False,Tuesday,False
123,2022-05-04,1387.5988980241862,207.94446811623158,False,Wednesday,False
124,2022-05-05,1069.1646136179456,267.6057128140081,False,Thursday,False
125,2022-05-06,1084.216511592022,606.0760258589471,False,Friday,False
126,2022-05-07,1292.3943313945765,440.64626733072714,True,Saturday,False
127,2022-05-08,1697.745664466802,453.37342519656465,True,Sunday,False
128,2022-05-09,1668.501208881409,543.351898037277,False,Monday,False
129,2022-05-10,1656.1587143782026,525.2580874611618,False,Tuesday,False
130,2022-05-11,1493.0055268781862,493.8424541526638,False,Wednesday,False
131,2022-05-12,1259.9346637431433,542.4192463288286,False,Thursday,False
132,2022-05-13,1377.1344197613505,218.13088858821686,False,Friday,False
133,2022-05-14,1599.0128348667722,194.20777291905546,True,Saturday,False
134,2022-05-15,1623.5093694757586,152.4172729729859,True,Sunday,False
135,2022-05-16,1481.1635791760566,296.49803215052617,False,Monday,False
136,2022-05-17,1327.8953604202552,226.5024012299129,False,Tuesday,False
137,2022-05-18,1094.1427627164812,240.33815451382972,False,Wednesday,False
138,2022-05-19,1101.1210737455876,274.4055165210901,False,Thursday,False
139,2022-05-20,1051.2497752665865,213.07407050698134,False,Friday,False
140,2022-05-21,1316.0190616132195,186.82379803812387,True,Saturday,False
141,2022-05-22,1427.9410822726127,219.21428262847286,True,Sunday,False
142,2022-05-23,1509.4826612449128,201.77550296316318,False,Monday,False
143,2022-05-24,1241.7505422544275,255.53901575596913,False,Tuesday,False
144,2022-05-25,1237.956179779117,257.79648382745273,False,Wednesday,False
145,2022-05-26,1158.8605156521007,273.4546861533193,False,Thursday,False
146,2022-05-27,1002.9034534501706,212.89147867365756,False,Friday,False
147,2022-05-28,1349.3769029486828,140.3863016074717,True,Saturday,False
148,2022-05-29,1582.7394077057563,195.65824696850694,True,Sunday,False
149,2022-05-30,1389.331679487913,258.9095401969956,False,Monday,False
150,2022-05-31,1467.4763656470982,363.5095034849119,False,Tuesday,False
151,2022-06-01,1226.0655949116572,366.38816425944486,False,Wednesday,False
152,2022-06-02,1065.13360287624,335.5939763271809,False,Thursday,False
153,2022-06-03,1217.6859720134003,362.9623288893657,False,Friday,False
154,2022-06-04,1424.1264178499068,294.786892173496,True,Saturday,False
155,2022-06-05,1522.6357920861735,264.56417543374454,True,Sunday,False
156,2022-06-06,1613.8879403404694,411.9679533088783,False,Monday,False
157,2022-06-07,1347.1982260252496,264.21498762735365,False,Tuesday,False
158,2022-06-08,1241.88000919552,214.26089508392056,False,Wednesday,False
159,2022-06-09,1094.621441023854,269.6966082590149,False,Thursday,False
160,2022-06-10,1147.9303848642558,220.75954989318035,False,Friday,False
161,2022-06-11,1210.0408695823992,203.61253811227357,True,Saturday,False
162,2022-06-12,1412.259261692466,214.75786737022213,True,Sunday,False
163,2022-06-13,1578.3563726024297,225.37953044944868,False,Monday,False
164,2022-06-14,1447.3771360301744,278.90128387732966,False,Tuesday,False
165,2022-06-15,1241.0282494040266,262.38342780809495,False,Wednesday,False
166,2022-06-16,1002.1587209922047,274.6618047998347,False,Thursday,False
167,2022-06-17,1134.0374795501,306.9037894796184,False,Friday,False
168,2022-06-18,1401.9198167586812,172.63835651991388,True,Saturday,False
169,2022-06-19,1479.001619122462,157.38791506927532,True,Sunday,False
170,2022-06-20,1710.2272241086598,223.3145671112343,False,Monday,False
171,2022-06-21,1366.423984715682,225.52569145103686,False,Tuesday,False
172,2022-06-22,1166.6586895664343,247.68694871757688,False,Wednesday,False
173,2022-06-23,1056.947236051955,260.23455924449934,False,Thursday,False
174,2022-06-24,1131.3355981228165,258.30072397990057,False,Friday,False
175,2022-06-25,1277.1432813438942,204.8154974710807,True,Saturday,False
176,2022-06-26,1508.9061017734025,180.3900567563372,True,Sunday,False
177,2022-06-27,1565.2709456427415,293.6060223147195,False,Monday,False
178,2022-06-28,1284.5711994893256,242.06029500286132,False,Tuesday,False
179,2022-06-29,1051.75623339001,331.6050749976886,False,Wednesday,False
180,2022-06-30,970.0906737197249,268.77002043295016,False,Thursday,False
181,2022-07-01,1164.3284736062,224.28527330751152,False,Friday,False
182,2022-07-02,1244.5224527232485,297.87322505816667,True,Saturday,False
183,2022-07-03,1278.234991765295,344.4741724572956,True,Sunday,False
184,2022-07-04,1492.490414504928,393.29611644022447,False,Monday,True
185,2022-07-05,1595.7982383041824,421.42001482276277,False,Tuesday,False
186,2022-07-06,1249.2911659500028,264.19712873720636,False,Wednesday,False
187,2022-07-07,1236.953706026765,247.8151326202938,False,Thursday,False
188,2022-07-08,1230.929984275652,224.59618845794785,False,Friday,False
189,2022-07-09,1277.523396055688,134.55458325942408,True,Saturday,False
190,2022-07-10,1504.5194623476746,166.60455143798936,True,Sunday,False
191,2022-07-11,1431.4847912794876,275.69196382970415,False,Monday,False
192,2022-07-12,1312.8941542138077,256.4228123239061,False,Tuesday,False
193,2022-07-13,1161.949715172455,212.62783663864036,False,Wednesday,False
194,2022-07-14,1039.0502304080087,255.19542777553545,False,Thursday,False
195,2022-07-15,1197.9644407443338,261.55952139186513,False,Friday,False
196,2022-07-16,1233.7457014564523,153.484276913966,True,Saturday,False
197,2022-07-17,1368.248662990674,184.61175317836583,True,Sunday,False
198,2022-07-18,1513.1330677308904,251.74626155338,False,Monday,False
199,2022-07-19,1224.354935762568,215.7108910650813,False,Tuesday,False
200,2022-07-20,1142.6922362068779,260.7336208104485,False,Wednesday,False
201,2022-07-21,1070.8712657390379,266.82353579104705,False,Thursday,False
202,2022-07-22,1174.570943865316,282.4915372952583,False,Friday,False
203,2022-07-23,1308.1653021326972,211.6140615610471,True,Saturday,False
204,2022-07-24,1427.327984086056,138.66991896128727,True,Sunday,False
205,2022-07-25,1541.9027017268636,221.86524880254632,False,Monday,False
206,2022-07-26,1436.105044120905,265.4510580162598,False,Tuesday,False
207,2022-07-27,1151.3473088921817,265.41357852736627,False,Wednesday,False
208,2022-07-28,1048.4252127553118,265.4514305891814,False,Thursday,False
209,2022-07-29,1006.59962522003,365.5819447196416,False,Friday,False
210,2022-07-30,1181.873042253792,197.126715320795,True,Saturday,False
211,2022-07-31,1398.2584788729073,214.06696920541796,True,Sunday,False
212,2022-08-01,1471.832347133397,278.62005290479607,False,Monday,False
213,2022-08-02,1295.587329788742,269.54173753917394,False,Tuesday,False
214,2022-08-03,1150.9362205533967,240.54192266078962,False,Wednesday,False
215,2022-08-04,1118.5664904096343,272.769076614798,False,Thursday,False
216,2022-08-05,1103.003019109187,226.81524356387285,False,Friday,False
217,2022-08-06,1285.8251716469372,172.89544179779972,True,Saturday,False
218,2022-08-07,1427.0778752495532,165.43909356512688,True,Sunday,False
219,2022-08-08,1274.2588780371314,252.45622418158968,False,Monday,False
220,2022-08-09,1215.9353686815064,319.43975700020525,False,Tuesday,False
221,2022-08-10,1100.892431076112,193.98204422224757,False,Wednesday,False
222,2022-08-11,959.0280720076345,270.58780571123543,False,Thursday,False
223,2022-08-12,1182.0087592117807,201.61852386431045,False,Friday,False
224,2022-08-13,1336.986625436464,165.84204402631698,True,Saturday,False
225,2022-08-14,1513.797103278613,212.66851790902098,True,Sunday,False
226,2022-08-15,1395.918081383975,251.9284005728639,False,Monday,False
227,2022-08-16,1402.056691357053,217.6676566621208,False,Tuesday,False
228,2022-08-17,1148.734740953107,228.54088872220095,False,Wednesday,False
229,2022-08-18,1024.7428249233744,270.3879324680403,False,Thursday,False
230,2022-08-19,1020.2428586921086,228.0890010484859,False,Friday,False
231,2022-08-20,1207.5718805170816,186.49375768745924,True,Saturday,False
232,2022-08-21,1381.775944632907,181.3671551971144,True,Sunday,False
233,2022-08-22,1439.3117300787248,230.4519895718255,False,Monday,False
234,2022-08-23,1304.9894208928602,314.3183226797598,False,Tuesday,False
235,2022-08-24,1115.411739116054,269.01757066954036,False,Wednesday,False
236,2022-08-25,1071.0424698323782,189.2457224002718,False,Thursday,False
237,2022-08-26,1219.9790893965676,255.59362944308282,False,Friday,False
238,2022-08-27,1329.6023466312465,160.14640605694836,True,Saturday,False
239,2022-08-28,1243.098344731501,205.5730000438867,True,Sunday,False
240,2022-08-29,1235.7779871216205,226.22437784701899,False,Monday,False
241,2022-08-30,1349.1583379822448,539.5816460432021,False,Tuesday,False
242,2022-08-31,1018.5881923226394,558.1733576566228,False,Wednesday,False
243,2022-09-01,1013.9878458907832,568.9963951123127,False,Thursday,False
244,2022-09-02,1164.8678573592817,507.0148470755358,False,Friday,False
245,2022-09-03,1281.7397929801698,462.98870221198064,True,Saturday,False
246,2022-09-04,1632.0014469516848,458.7753799523804,True,Sunday,False
247,2022-09-05,1650.799595436973,523.4238623099977,False,Monday,False
248,2022-09-06,1409.300771471968,302.9636272084329,False,Tuesday,False
249,2022-09-07,1072.0624419860833,262.14945132882866,False,Wednesday,False
250,2022-09-08,1166.2592183099812,212.17348136994866,False,Thursday,False
251,2022-09-09,1147.706123478138,277.5358584116433,False,Friday,False
252,2022-09-10,1130.013941232663,243.664685910379,True,Saturday,False
253,2022-09-11,1389.4912269167678,210.9739578165344,True,Sunday,False
254,2022-09-12,1451.5769714661762,204.4189010213796,False,Monday,False
255,2022-09-13,1370.784091199623,235.47297781401247,False,Tuesday,False
256,2022-09-14,1141.037920146818,288.00733447559867,False,Wednesday,False
257,2022-09-15,941.7110182848354,228.76991603143657,False,Thursday,False
258,2022-09-16,1172.7893061564746,263.31458284438685,False,Friday,False
259,2022-09-17,1252.5520008330263,203.23902160288011,True,Saturday,False
260,2022-09-18,1384.1864011883094,152.1920858526575,True,Sunday,False
261,2022-09-19,1371.3967718607541,248.21423931814599,False,Monday,False
262,2022-09-20,1266.711736639524,152.76197979792784,False,Tuesday,False
263,2022-09-21,1027.6077500893941,219.2683707599713,False,Wednesday,False
264,2022-09-22,1034.3891736930336,242.4229554582052,False,Thursday,False
265,2022-09-23,1166.9671167093752,212.5665045410545,False,Friday,False
266,2022-09-24,1117.0354241655089,228.97233911794905,True,Saturday,False
267,2022-09-25,1268.477966162333,137.09575866118104,True,Sunday,False
268,2022-09-26,1536.5076670084077,236.79866539909048,False,Monday,False
269,2022-09-27,1304.2780473120147,253.92221731858274,False,Tuesday,False
270,2022-09-28,1039.4234461664714,293.23819867198347,False,Wednesday,False
271,2022-09-29,1128.3888878161824,206.92413546461682,False,Thursday,False
272,2022-09-30,1046.3046238370757,284.8949125646488,False,Friday,False
273,2022-10-01,1421.484085215994,180.3069918305876,True,Saturday,False
274,2022-10-02,1434.9384219077258,150.55474046856148,True,Sunday,False
275,2022-10-03,1427.8260091346413,263.86310422789813,False,Monday,False
276,2022-10-04,1469.2644344755763,255.9717908672041,False,Tuesday,False
277,2022-10-05,1057.629789725549,231.99349368523616,False,Wednesday,False
278,2022-10-06,1126.0724353813546,252.09406254970057,False,Thursday,False
279,2022-10-07,1125.4039012828737,238.4405920941472,False,Friday,False
280,2022-10-08,1348.47981871931,183.40552035753745,True,Saturday,False
281,2022-10-09,1538.6182124727472,199.8639202356314,True,Sunday,False
282,2022-10-10,1447.6444173696543,297.5805044843606,False,Monday,False
283,2022-10-11,1244.5696770385211,212.8655350351945,False,Tuesday,False
284,2022-10-12,1178.9805785526748,313.991001239688,False,Wednesday,False
285,2022-10-13,1039.4340217291133,191.43736601432494,False,Thursday,False
286,2022-10-14,1243.5889418685733,245.4464471489325,False,Friday,False
287,2022-10-15,1311.5877470099872,197.64951619453728,True,Saturday,False
288,2022-10-16,1355.40755871619,188.429756032051,True,Sunday,False
289,2022-10-17,1471.5954339408463,231.31901440538218,False,Monday,False
290,2022-10-18,1213.355522109354,243.75633248928173,False,Tuesday,False
291,2022-10-19,1065.5312397817042,235.209971960235,False,Wednesday,False
292,2022-10-20,1158.0666205462383,232.31905729167366,False,Thursday,False
293,2022-10-21,1056.8402488801742,275.48806291063073,False,Friday,False
294,2022-10-22,1178.1820193153424,190.71046457895142,True,Saturday,False
295,2022-10-23,1460.8313423437548,159.21271214218038,True,Sunday,False
296,2022-10-24,1578.6362919604205,276.9879962629975,False,Monday,False
297,2022-10-25,1383.6084640222853,259.21898562629826,False,Tuesday,False
298,2022-10-26,1214.738790484902,274.3858635651688,False,Wednesday,False
299,2022-10-27,1038.4097155400884,268.88886525770835,False,Thursday,False
300,2022-10-28,1014.635236769377,225.13014967233784,False,Friday,False
301,2022-10-29,1415.4487514486682,163.1945687940909,True,Saturday,False
302,2022-10-30,1424.117746952917,202.41880815369785,True,Sunday,False
303,2022-10-31,1443.7777234226396,268.31110796300396,False,Monday,False
304,2022-11-01,1426.3038415959375,249.37295218107556,False,Tuesday,False
305,2022-11-02,1216.127592221488,253.51982149926346,False,Wednesday,False
306,2022-11-03,1141.0520387908311,288.3299468736527,False,Thursday,False
307,2022-11-04,1306.6880592866003,473.1890108822544,False,Friday,False
308,2022-11-05,1242.5362028827976,437.34907398243047,True,Saturday,False
309,2022-11-06,1547.1972441915873,414.87037297431255,True,Sunday,False
310,2022-11-07,1628.7901513215882,484.4057164505127,False,Monday,False
311,2022-11-08,1517.7520775767148,523.8994581069451,False,Tuesday,False
312,2022-11-09,1433.2735898778546,515.6986430169702,False,Wednesday,False
313,2022-11-10,1286.9309219167951,515.3414416273484,False,Thursday,False
314,2022-11-11,1353.5019747001988,289.16436421462987,False,Friday,False
315,2022-11-12,1549.5261782484793,180.63011524898278,True,Saturday,False
316,2022-11-13,1592.5453142456067,200.4585891388489,True,Sunday,False
317,2022-11-14,1459.4038987976062,240.6919973021963,False,Monday,False
318,2022-11-15,1271.5344447449145,259.72499057465325,False,Tuesday,False
319,2022-11-16,1038.0835770121396,246.09570836896947,False,Wednesday,False
320,2022-11-17,1277.770307972914,252.90987894978156,False,Thursday,False
321,2022-11-18,1077.0272998162914,267.8547107631074,False,Friday,False
322,2022-11-19,1297.7639148037317,155.45337950299583,True,Saturday,False
323,2022-11-20,1455.7854332079503,242.7716182705638,True,Sunday,False
324,2022-11-21,1552.140317382584,219.81947855500894,False,Monday,False
325,2022-11-22,1419.2074448138678,213.57434161636803,False,Tuesday,False
326,2022-11-23,1303.6929433452642,284.74332620500206,False,Wednesday,False
327,2022-11-24,1068.316332188653,273.7498808188881,False,Thursday,False
328,2022-11-25,1138.570605873571,268.72359451156467,False,Friday,False
329,2022-11-26,1375.73766122034,348.8503652779284,True,Saturday,False
330,2022-11-27,1485.1466496720989,329.6325968145926,True,Sunday,False
331,2022-11-28,1671.390337926406,373.08236885542505,False,Monday,True
332,2022-11-29,1524.1215235930665,402.2741367458118,False,Tuesday,False
333,2022-11-30,1360.7391436455541,229.68514865463663,False,Wednesday,False
334,2022-12-01,1275.0455108252554,279.2535920025325,False,Thursday,False
335,2022-12-02,1374.2473975841938,245.58827855493584,False,Friday,False
336,2022-12-03,1349.8988819322922,155.23508409622465,True,Saturday,False
337,2022-12-04,1420.026914430467,170.3584247504102,True,Sunday,False
338,2022-12-05,1576.431290804904,262.3879436282687,False,Monday,False
339,2022-12-06,1332.2029203995805,233.08826341588076,False,Tuesday,False
340,2022-12-07,1179.8314387095377,225.33338813300705,False,Wednesday,False
341,2022-12-08,1218.3399264117315,257.31061634475736,False,Thursday,False
342,2022-12-09,1293.8459803448832,257.34899713326166,False,Friday,False
343,2022-12-10,1350.5229120355625,164.79170473886612,True,Saturday,False
344,2022-12-11,1551.4158960039808,165.86885083145032,True,Sunday,False
345,2022-12-12,1703.874680848277,256.96149812072906,False,Monday,False
346,2022-12-13,1425.5704469845386,206.55746975508026,False,Tuesday,False
347,2022-12-14,1443.903071079322,207.77608676870335,False,Wednesday,False
348,2022-12-15,1229.830420141003,228.4466733624269,False,Thursday,False
349,2022-12-16,1054.4885178233353,243.5965854486446,False,Friday,False
350,2022-12-17,1415.1054147950326,189.32722696794013,True,Saturday,False
351,2022-12-18,1556.4980508654687,224.26068650848657,True,Sunday,False
352,2022-12-19,1679.300552503447,275.7297886960606,False,Monday,False
353,2022-12-20,1491.6166854980045,245.20184410109718,False,Tuesday,False
354,2022-12-21,1276.5106513648498,249.42951376291933,False,Wednesday,False
355,2022-12-22,1114.7398480535821,219.92411906086573,False,Thursday,False
356,2022-12-23,1218.6933915186576,399.4446059202283,False,Friday,False
357,2022-12-24,1328.7101125178963,321.34024083239586,True,Saturday,False
358,2022-12-25,1491.4105988713377,339.6815568101427,True,Sunday,True
359,2022-12-26,1733.7115536202396,375.1830716934303,False,Monday,False
360,2022-12-27,1667.5904714274566,265.58039542723515,False,Tuesday,False
361,2022-12-28,1405.469958205632,295.98216739007734,False,Wednesday,False
362,2022-12-29,1193.7665347393033,246.73719554629426,False,Thursday,False
363,2022-12-30,1300.313472510126,412.0513516629683,False,Friday,False
364,2022-12-31,1537.5345568094676,350.7043197513334,True,Saturday,False
365,2023-01-01,1522.2926481425031,317.96338584342493,True,Sunday,True
366,2023-01-02,1700.613615989868,406.7227744543125,False,Monday,False
367,2023-01-03,1569.9444102961966,250.37777202345384,False,Tuesday,False
368,2023-01-04,1315.2298328468762,252.93028295646496,False,Wednesday,False
369,2023-01-05,1377.3798007198536,226.809706484336,False,Thursday,False
370,2023-01-06,1263.1006294087813,250.7353052277683,False,Friday,False
371,2023-01-07,1466.6811633416858,194.9399487373635,True,Saturday,False
372,2023-01-08,1505.254372567778,223.53430823385125,True,Sunday,False
373,2023-01-09,1596.6693942835943,278.77812478255623,False,Monday,False
374,2023-01-10,1550.2041168909996,314.59547372534666,False,Tuesday,False
375,2023-01-11,1308.6191021073375,226.97957311335853,False,Wednesday,False
376,2023-01-12,1403.9642678631983,276.16961910162036,False,Thursday,False
377,2023-01-13,1296.3643328336277,255.50026017215055,False,Friday,False
378,2023-01-14,1452.519056790232,245.6940879965302,True,Saturday,False
379,2023-01-15,1697.4375882739694,155.75105143934545,True,Sunday,False
380,2023-01-16,1537.9773801928864,224.8083447345767,False,Monday,False
381,2023-01-17,1398.8804757999433,232.01822063667933,False,Tuesday,False
382,2023-01-18,1192.5563791534164,186.2831282707058,False,Wednesday,False
383,2023-01-19,1351.2156267423597,234.22734934957717,False,Thursday,False
384,2023-01-20,1251.3708955917198,227.22602015338907,False,Friday,False
385,2023-01-21,1631.456648588082,184.51181359428622,True,Saturday,False
386,2023-01-22,1569.139642848486,190.25267927331478,True,Sunday,False
387,2023-01-23,1665.797479100626,306.2851251764766,False,Monday,False
388,2023-01-24,1642.8892924445847,278.5127151455815,False,Tuesday,False
389,2023-01-25,1512.212002955817,232.6928903301279,False,Wednesday,False
390,2023-01-26,1480.3566459109825,223.04755985954927,False,Thursday,False
391,2023-01-27,1436.3502907528612,264.7575751451952,False,Friday,False
392,2023-01-28,1552.7563645009589,140.39300378938074,True,Saturday,False
393,2023-01-29,1671.0753031069494,234.94376297563062,True,Sunday,False
394,2023-01-30,1751.8362789069315,285.3832036216386,False,Monday,False
395,2023-01-31,1464.879722692701,235.92473043685885,False,Tuesday,False
396,2023-02-01,1328.9157621664408,198.60596412727367,False,Wednesday,False
397,2023-02-02,1318.3616059807548,290.6161712249624,False,Thursday,False
398,2023-02-03,1316.1505448281077,246.56380464242147,False,Friday,False
399,2023-02-04,1429.6557151620052,217.13448935920385,True,Saturday,False
400,2023-02-05,1735.354613576605,132.167170236169,True,Sunday,False
401,2023-02-06,1770.396345782521,232.0187493113868,False,Monday,False
402,2023-02-07,1577.3012911754495,250.1573109915455,False,Tuesday,False
403,2023-02-08,1466.0028715584272,251.40941781294225,False,Wednesday,False
404,2023-02-09,1210.2550302154714,236.4980358556227,False,Thursday,False
405,2023-02-10,1337.668974406863,268.685497970425,False,Friday,False
406,2023-02-11,1454.9838257092492,147.97138711852216,True,Saturday,False
407,2023-02-12,1512.457248638881,175.7286154493612,True,Sunday,False
408,2023-02-13,1715.1089800153206,253.60886895135695,False,Monday,False
409,2023-02-14,1533.3378415344555,265.4331650217625,False,Tuesday,False
410,2023-02-15,1509.2256126060795,271.3484463426667,False,Wednesday,False
411,2023-02-16,1379.0843085297493,216.26073724486392,False,Thursday,False
412,2023-02-17,1294.3276266127466,203.97657487793134,False,Friday,False
413,2023-02-18,1686.413335226081,218.33030465695526,True,Saturday,False
414,2023-02-19,1760.9683966768584,189.96942035938775,True,Sunday,False
415,2023-02-20,1742.966271520434,227.5454039033034,False,Monday,False
416,2023-02-21,1580.5246260373535,296.5345592656757,False,Tuesday,False
417,2023-02-22,1333.1368848078944,253.47023902878576,False,Wednesday,False
418,2023-02-23,1296.2478113494908,285.3789155219148,False,Thursday,False
419,2023-02-24,1494.9091589207883,252.02555444230327,False,Friday,False
420,2023-02-25,1690.8522688612723,241.82243774645963,True,Saturday,False
421,2023-02-26,1840.7806920745675,232.66022527329613,True,Sunday,False
422,2023-02-27,1698.5205262785307,242.5310755456278,False,Monday,False
423,2023-02-28,1535.4037522621318,279.1471285286307,False,Tuesday,False
424,2023-03-01,1458.8436857438346,269.36127848755444,False,Wednesday,False
425,2023-03-02,1205.4365925785892,291.0589467259705,False,Thursday,False
426,2023-03-03,1434.95390994364,221.05229618259688,False,Friday,False
427,2023-03-04,1549.3612010226966,200.58154379995318,True,Saturday,False
428,2023-03-05,1694.8195593010005,211.75273460548763,True,Sunday,False
429,2023-03-06,1602.663506944779,197.23781540730658,False,Monday,False
430,2023-03-07,1652.3320207358381,214.50224462002674,False,Tuesday,False
431,2023-03-08,1403.2460517959464,188.823034667197,False,Wednesday,False
432,2023-03-09,1236.7929971258948,241.91779496666328,False,Thursday,False
433,2023-03-10,1150.9982339510125,271.52626767387886,False,Friday,False
434,2023-03-11,1520.924422324957,225.07071156288083,True,Saturday,False
435,2023-03-12,1854.4890432675572,182.22284341259325,True,Sunday,False
436,2023-03-13,1903.3264987841012,298.85846636713876,False,Monday,False
437,2023-03-14,1599.0805193697508,208.59695625355326,False,Tuesday,False
438,2023-03-15,1389.4856450246177,198.89852681934536,False,Wednesday,False
439,2023-03-16,1438.1855141364185,248.33356903310144,False,Thursday,False
440,2023-03-17,1306.4952077253026,261.5219634681792,False,Friday,False
441,2023-03-18,1562.2482426645574,179.0191575571772,True,Saturday,False
442,2023-03-19,1786.5816267986197,117.9767369988037,True,Sunday,False
443,2023-03-20,1871.116431981789,247.32639881461634,False,Monday,False
444,2023-03-21,1608.3443120338206,210.8659149848544,False,Tuesday,False
445,2023-03-22,1390.9601966399198,270.09017646490116,False,Wednesday,False
446,2023-03-23,1307.463780445537,260.99794738290547,False,Thursday,False
447,2023-03-24,1329.3131108792652,221.80360641017933,False,Friday,False
448,2023-03-25,1570.23498010861,164.5839924798992,True,Saturday,False
449,2023-03-26,1769.6130560908027,148.22359434333146,True,Sunday,False
450,2023-03-27,1829.3434303582,248.11962708180485,False,Monday,False
451,2023-03-28,1550.3624437667204,278.65426961503715,False,Tuesday,False
452,2023-03-29,1551.5333021123554,220.42821860993368,False,Wednesday,False
453,2023-03-30,1362.9987519544588,265.12139546553533,False,Thursday,False
454,2023-03-31,1440.731380568397,234.09227144882678,False,Friday,False
455,2023-04-01,1504.876938356328,156.21381503212967,True,Saturday,False
456,2023-04-02,1554.6496718562157,176.78908920136325,True,Sunday,False
457,2023-04-03,1840.037521418831,218.9427303274188,False,Monday,False
458,2023-04-04,1674.019048825044,233.39052083958455,False,Tuesday,False
459,2023-04-05,1432.0209384397788,214.06366322233455,False,Wednesday,False
460,2023-04-06,1377.6040885853454,308.94175398749167,False,Thursday,False
461,2023-04-07,1461.4126965699231,251.05790655915186,False,Friday,False
462,2023-04-08,1440.4793070678888,159.00823476022242,True,Saturday,False
463,2023-04-09,1736.9976598077826,186.41939732202667,True,Sunday,False
464,2023-04-10,1847.2683409309025,246.6301585092751,False,Monday,False
465,2023-04-11,1520.4323212466088,243.37091201400332,False,Tuesday,False
466,2023-04-12,1487.6109611439895,268.42500100130275,False,Wednesday,False
467,2023-04-13,1283.9458381092013,272.72523130141917,False,Thursday,False
468,2023-04-14,1466.849826693207,234.08496557168417,False,Friday,False
469,2023-04-15,1598.453138906699,162.7254527806596,True,Saturday,False
470,2023-04-16,1631.3817050987127,171.7484490854507,True,Sunday,False
471,2023-04-17,1869.5190774794503,180.94236505793245,False,Monday,False
472,2023-04-18,1566.831930852883,204.54426813404342,False,Tuesday,False
473,2023-04-19,1392.8946846210447,291.0062280233357,False,Wednesday,False
474,2023-04-20,1371.2948419029299,299.3490314050385,False,Thursday,False
475,2023-04-21,1500.119373812653,242.52891881330865,False,Friday,False
476,2023-04-22,1535.3766627123882,197.296708891673,True,Saturday,False
477,2023-04-23,1783.0913886389385,189.33750463630608,True,Sunday,False
478,2023-04-24,1817.1043911468337,342.3664242536571,False,Monday,False
479,2023-04-25,1702.9866318584263,283.5872473430373,False,Tuesday,False
480,2023-04-26,1483.384373493252,246.162472255577,False,Wednesday,False
481,2023-04-27,1423.5480331127403,221.33378678198721,False,Thursday,False
482,2023-04-28,1390.0605332142516,201.80661039227283,False,Friday,False
483,2023-04-29,1597.0496353993121,186.1039090760167,True,Saturday,False
484,2023-04-30,1645.8084858029736,157.3094776414709,True,Sunday,False
485,2023-05-01,1524.7006299328937,207.33238871206976,False,Monday,False
486,2023-05-02,1675.6030026233525,230.6028134727242,False,Tuesday,False
487,2023-05-03,1522.037025611255,217.55355989156814,False,Wednesday,False
488,2023-05-04,1182.3411532878104,300.61424905217694,False,Thursday,False
489,2023-05-05,1343.0021149211361,455.92499040136374,False,Friday,False
490,2023-05-06,1621.6478923371226,359.23661845338165,True,Saturday,False
491,2023-05-07,1942.6913645614522,403.874121859581,True,Sunday,False
492,2023-05-08,1911.30993323033,431.79684692230876,False,Monday,False
493,2023-05-09,1684.9091266311248,403.63727165303226,False,Tuesday,False
494,2023-05-10,1581.4475383912443,679.5155293382126,False,Wednesday,False
495,2023-05-11,1614.2914603731842,649.9891083306626,False,Thursday,False
496,2023-05-12,1474.0017655286965,423.22862469744894,False,Friday,False
497,2023-05-13,1783.2678411810125,378.63584898473437,True,Saturday,False
498,2023-05-14,1946.842578908994,358.0774617256999,True,Sunday,False
499,2023-05-15,1811.3448797246592,412.86201739831256,False,Monday,False
500,2023-05-16,1762.024441555561,482.1313357531918,False,Tuesday,False
501,2023-05-17,1695.8390945173478,307.2824992141039,False,Wednesday,False
502,2023-05-18,1515.8943217302028,208.04297278542577,False,Thursday,False
503,2023-05-19,1549.5409319517846,266.88907710071715,False,Friday,False
504,2023-05-20,1597.3211170451086,160.48072292634518,True,Saturday,False
505,2023-05-21,1591.8929735799734,165.38623848705913,True,Sunday,False
506,2023-05-22,1860.9638118862786,232.22818227283392,False,Monday,False
507,2023-05-23,1611.4546360460624,224.08027690960552,False,Tuesday,False
508,2023-05-24,1432.034436152471,251.4556488383448,False,Wednesday,False
509,2023-05-25,1633.20053846998,225.07149650766888,False,Thursday,False
510,2023-05-26,1434.7472483699312,258.11370477339517,False,Friday,False
511,2023-05-27,1522.841963857965,178.4928567165259,True,Saturday,False
512,2023-05-28,1688.7417404328335,172.8315585940077,True,Sunday,False
513,2023-05-29,1872.4829088251051,222.77309013875205,False,Monday,False
514,2023-05-30,1632.9832527057706,232.69686008295002,False,Tuesday,False
515,2023-05-31,1331.188661646256,272.6617367747727,False,Wednesday,False
516,2023-06-01,1440.8091268843532,265.0275156287314,False,Thursday,False
517,2023-06-02,1357.6413690347879,220.67334265604347,False,Friday,False
518,2023-06-03,1740.535623457599,182.97996916287678,True,Saturday,False
519,2023-06-04,1828.080684087186,202.54161370115366,True,Sunday,False
520,2023-06-05,1717.1031815272243,199.91784156635885,False,Monday,False
521,2023-06-06,1723.7371861014885,266.3008057713981,False,Tuesday,False
522,2023-06-07,1464.0465582500328,230.1212872316246,False,Wednesday,False
523,2023-06-08,1416.2230690157953,267.1179600577948,False,Thursday,False
524,2023-06-09,1464.3828902467492,227.10222530372448,False,Friday,False
525,2023-06-10,1491.696680295713,125.85353698006443,True,Saturday,False
526,2023-06-11,1685.6166964587842,131.17372686350512,True,Sunday,False
527,2023-06-12,1833.2278453423955,251.44254839984146,False,Monday,False
528,2023-06-13,1554.2011163230177,257.79167505164446,False,Tuesday,False
529,2023-06-14,1377.4303335936645,222.87050124686775,False,Wednesday,False
530,2023-06-15,1296.3560340550887,269.1577737633212,False,Thursday,False
531,2023-06-16,1448.1649067842227,200.1543981319312,False,Friday,False
532,2023-06-17,1713.766642647133,178.0176060405805,True,Saturday,False
533,2023-06-18,1646.5669383534114,143.6695140071263,True,Sunday,False
534,2023-06-19,1730.1833311737755,230.44491676593523,False,Monday,False
535,2023-06-20,1718.7846273337468,251.42196013949243,False,Tuesday,False
536,2023-06-21,1404.3191117764497,224.18759904148143,False,Wednesday,False
537,2023-06-22,1389.7765370190189,238.46333367310524,False,Thursday,False
538,2023-06-23,1318.8354593627803,280.18878427643324,False,Friday,False
539,2023-06-24,1577.1470012313853,162.69324391430553,True,Saturday,False
540,2023-06-25,1691.8681211875628,205.07076336195425,True,Sunday,False
541,2023-06-26,1848.3742949212958,216.10879436027147,False,Monday,False
542,2023-06-27,1684.8189884388237,265.8941253374585,False,Tuesday,False
543,2023-06-28,1647.881778245627,293.247058619737,False,Wednesday,False
544,2023-06-29,1384.5145981478909,175.8506649961813,False,Thursday,False
545,2023-06-30,1431.709623317631,226.0931423358857,False,Friday,False
546,2023-07-01,1592.9849329097883,197.3121638154162,True,Saturday,False
547,2023-07-02,1634.1187949516739,323.9086384187102,True,Sunday,False
548,2023-07-03,1757.2247724296149,411.1343762011393,False,Monday,False
549,2023-07-04,1580.0459796898895,381.88044439852536,False,Tuesday,True
550,2023-07-05,1518.5695740470962,402.597693624187,False,Wednesday,False
551,2023-07-06,1553.638596021949,245.32968293823762,False,Thursday,False
552,2023-07-07,1387.787588232666,285.0334618497942,False,Friday,False
553,2023-07-08,1727.3134909232879,187.6326252990364,True,Saturday,False
554,2023-07-09,1802.5162693790528,190.12807986225607,True,Sunday,False
555,2023-07-10,1749.1648116964916,237.643691016326,False,Monday,False
556,2023-07-11,1421.2380570523676,235.3718132778252,False,Tuesday,False
557,2023-07-12,1369.3342791018365,237.02325436541136,False,Wednesday,False
558,2023-07-13,1441.0547702024762,261.8335642713489,False,Thursday,False
559,2023-07-14,1371.7618839938414,237.3704655753921,False,Friday,False
560,2023-07-15,1450.0501025829944,188.69324570689238,True,Saturday,False
561,2023-07-16,1659.916888033727,242.26202395936315,True,Sunday,False
562,2023-07-17,1790.5488531598082,276.13374110295075,False,Monday,False
563,2023-07-18,1628.689032344201,240.21929403496478,False,Tuesday,False
564,2023-07-19,1423.4976256191658,286.03641766491836,False,Wednesday,False
565,2023-07-20,1324.462815480737,237.75773880935347,False,Thursday,False
566,2023-07-21,1338.6299056454438,188.8562639446644,False,Friday,False
567,2023-07-22,1479.1347629590753,149.75741067247787,True,Saturday,False
568,2023-07-23,1808.6669326194692,123.87624236922433,True,Sunday,False
569,2023-07-24,1662.0500927503595,239.45459547876075,False,Monday,False
570,2023-07-25,1652.671435537021,250.55255137568656,False,Tuesday,False
571,2023-07-26,1487.0642038578744,300.2931193682585,False,Wednesday,False
572,2023-07-27,1405.5159942001615,259.80782121292486,False,Thursday,False
573,2023-07-28,1335.565712303705,243.42698413573407,False,Friday,False
574,2023-07-29,1587.7831310064291,204.88216743550467,True,Saturday,False
575,2023-07-30,1684.815995560143,113.66594072976345,True,Sunday,False
576,2023-07-31,1642.4515911002281,257.068436743257,False,Monday,False
577,2023-08-01,1608.5800315271883,273.125955816609,False,Tuesday,False
578,2023-08-02,1259.2585569998116,205.64241262660477,False,Wednesday,False
579,2023-08-03,1425.6772902150667,284.31262129620785,False,Thursday,False
580,2023-08-04,1341.0111806337316,260.15489222483245,False,Friday,False
581,2023-08-05,1509.4290620364798,167.54136258297595,True,Saturday,False
582,2023-08-06,1718.8634522060586,198.98345598318855,True,Sunday,False
583,2023-08-07,1698.924966143868,318.12078573413186,False,Monday,False
584,2023-08-08,1602.1252109287525,255.45598765175487,False,Tuesday,False
585,2023-08-09,1361.8558871880796,257.4466175890101,False,Wednesday,False
586,2023-08-10,1432.1900666856413,236.21917301379267,False,Thursday,False
587,2023-08-11,1255.2110877066993,224.50466891605623,False,Friday,False
588,2023-08-12,1529.9619066893547,204.91007449632735,True,Saturday,False
589,2023-08-13,1818.0161192088287,154.31748522273398,True,Sunday,False
590,2023-08-14,1613.905719706699,252.14698711658178,False,Monday,False
591,2023-08-15,1519.2066758494238,235.6702765970465,False,Tuesday,False
592,2023-08-16,1410.109664119262,264.36939477239173,False,Wednesday,False
593,2023-08-17,1333.3528005104572,260.0098631586084,False,Thursday,False
594,2023-08-18,1375.2911887786393,281.126198327737,False,Friday,False
595,2023-08-19,1559.5040482136287,164.6995080343576,True,Saturday,False
596,2023-08-20,1724.4615207431848,171.90375194119886,True,Sunday,False
597,2023-08-21,1813.3349895979516,220.6370885265308,False,Monday,False
598,2023-08-22,1578.8880610883039,236.67120219771664,False,Tuesday,False
599,2023-08-23,1357.2020576112836,261.3190147913456,False,Wednesday,False
600,2023-08-24,1350.993745651466,272.70965849936056,False,Thursday,False
601,2023-08-25,1497.0954512292476,222.33504027467123,False,Friday,False
602,2023-08-26,1505.3500661302735,206.0881776031698,True,Saturday,False
603,2023-08-27,1600.9238872804642,220.66913576414854,True,Sunday,False
604,2023-08-28,1775.5961790845195,262.403047096711,False,Monday,False
605,2023-08-29,1559.2157457473584,306.303874376742,False,Tuesday,False
606,2023-08-30,1230.025990245957,226.7863240268928,False,Wednesday,False
607,2023-08-31,1388.2880826534156,212.66035890065749,False,Thursday,False
608,2023-09-01,1342.4764736931409,196.63839253287165,False,Friday,False
609,2023-09-02,1486.5900068101744,224.8813293446755,True,Saturday,False
610,2023-09-03,1668.1818183387918,199.63096969062173,True,Sunday,False
611,2023-09-04,1685.7955541393912,248.33245987268634,False,Monday,False
612,2023-09-05,1636.001049399191,258.3990587895946,False,Tuesday,False
613,2023-09-06,1355.6812253913597,216.2353285810487,False,Wednesday,False
614,2023-09-07,1352.5863692177568,323.3725593885048,False,Thursday,False
615,2023-09-08,1335.4661104606432,253.87663545925682,False,Friday,False
616,2023-09-09,1546.4626255007838,183.28184383814678,True,Saturday,False
617,2023-09-10,1757.3230934517178,201.77299871696076,True,Sunday,False
618,2023-09-11,1630.295182233878,264.4302769521014,False,Monday,False
619,2023-09-12,1641.5857520037268,256.71652072837395,False,Tuesday,False
620,2023-09-13,1349.541854326003,226.28576633664065,False,Wednesday,False
621,2023-09-14,1386.6477380713304,264.14405071407987,False,Thursday,False
622,2023-09-15,1385.6040430610801,306.460734894251,False,Friday,False
623,2023-09-16,1641.6389164407801,220.36260138464934,True,Saturday,False
624,2023-09-17,1656.0720809888005,227.7955987991819,True,Sunday,False
625,2023-09-18,1710.325864586766,234.66352970706444,False,Monday,False
626,2023-09-19,1577.1912832935784,220.31185539224256,False,Tuesday,False
627,2023-09-20,1385.767051445531,246.22639239701056,False,Wednesday,False
628,2023-09-21,1370.32801773337,251.67174736866085,False,Thursday,False
629,2023-09-22,1207.464532065867,282.82574555412845,False,Friday,False
630,2023-09-23,1424.8474554860022,129.22606110855543,True,Saturday,False
631,2023-09-24,1583.838270999162,225.8865095838184,True,Sunday,False
632,2023-09-25,1803.1151120173363,245.2597630426303,False,Monday,False
633,2023-09-26,1664.1166766097872,237.1935679015774,False,Tuesday,False
634,2023-09-27,1403.9296773003348,219.63686874219496,False,Wednesday,False
635,2023-09-28,1302.799762086746,200.3542998440269,False,Thursday,False
636,2023-09-29,1356.3235799844676,274.69511751885744,False,Friday,False
637,2023-09-30,1590.165885239112,182.1995390156521,True,Saturday,False
638,2023-10-01,1568.5176812604816,141.3011730077684,True,Sunday,False
639,2023-10-02,1745.7224126613405,211.1476368380915,False,Monday,False
640,2023-10-03,1641.7153400933112,239.92645902129615,False,Tuesday,False
641,2023-10-04,1406.4769907354637,300.0706457586818,False,Wednesday,False
642,2023-10-05,1316.0670827692434,242.21225945909185,False,Thursday,False
643,2023-10-06,1437.7124585114425,204.90571140645682,False,Friday,False
644,2023-10-07,1334.6941875055647,172.62770807742166,True,Saturday,False
645,2023-10-08,1727.7347637544704,171.81829290756988,True,Sunday,False
646,2023-10-09,1638.3442040078867,169.09340071175285,False,Monday,False
647,2023-10-10,1417.6035553396612,248.37115400446564,False,Tuesday,False
648,2023-10-11,1431.900149177891,243.07196409373967,False,Wednesday,False
649,2023-10-12,1392.0710110700668,270.88619094440253,False,Thursday,False
650,2023-10-13,1358.4157124605508,305.46868284836034,False,Friday,False
651,2023-10-14,1599.9047464380628,213.79695088643274,True,Saturday,False
652,2023-10-15,1826.817258145554,171.93333928335508,True,Sunday,False
653,2023-10-16,1863.5311818177265,216.80422273774988,False,Monday,False
654,2023-10-17,1727.4863061176707,327.2007940974958,False,Tuesday,False
655,2023-10-18,1458.1792894304083,251.77655302043465,False,Wednesday,False
656,2023-10-19,1324.777566051917,250.4178787573884,False,Thursday,False
657,2023-10-20,1296.6912633836096,249.2762473866999,False,Friday,False
658,2023-10-21,1517.5518876264605,185.94254282303564,True,Saturday,False
659,2023-10-22,1626.632877543164,175.6691876422817,True,Sunday,False
660,2023-10-23,1907.0348062078372,232.7901397935929,False,Monday,False
661,2023-10-24,1574.4396145940457,233.59423176278824,False,Tuesday,False
662,2023-10-25,1420.0369885694843,249.01740189352006,False,Wednesday,False
663,2023-10-26,1381.7780943483324,233.69725686598704,False,Thursday,False
664,2023-10-27,1381.6912122447454,228.61462651968506,False,Friday,False
665,2023-10-28,1680.8961862637948,183.1929068307569,True,Saturday,False
666,2023-10-29,1644.149909494236,172.35068347737433,True,Sunday,False
667,2023-10-30,1746.6221398458815,295.1197896574807,False,Monday,False
668,2023-10-31,1537.7422042320618,170.47090574820965,False,Tuesday,False
669,2023-11-01,1313.0533491799736,282.74520555767384,False,Wednesday,False
670,2023-11-02,1336.766085153101,287.38255577492885,False,Thursday,False
671,2023-11-03,1348.1999045409643,187.7982930277555,False,Friday,False
672,2023-11-04,1542.2000089193598,169.71937217758955,True,Saturday,False
673,2023-11-05,1681.9745866489616,168.85677402012627,True,Sunday,False
674,2023-11-06,1605.431597153235,207.77464915846537,False,Monday,False
675,2023-11-07,1593.9567043505435,226.66549937227373,False,Tuesday,False
676,2023-11-08,1307.9048563874385,216.68272463602514,False,Wednesday,False
677,2023-11-09,1406.0009906243276,302.5681133027087,False,Thursday,False
678,2023-11-10,1403.5410640108503,278.07035179442386,False,Friday,False
679,2023-11-11,1432.537091496771,218.14665284982476,True,Saturday,False
680,2023-11-12,1734.1435104314264,201.65016192129707,True,Sunday,False
681,2023-11-13,1724.4923188714595,216.12844686348313,False,Monday,False
682,2023-11-14,1667.9218382531974,234.2643920116068,False,Tuesday,False
683,2023-11-15,1568.0804149714738,264.68123683683757,False,Wednesday,False
684,2023-11-16,1213.238053279148,213.33616573324164,False,Thursday,False
685,2023-11-17,1423.905213344549,271.38995290517164,False,Friday,False
686,2023-11-18,1578.4800563462861,172.79023805525594,True,Saturday,False
687,2023-11-19,1772.5486483854731,168.75537577351207,True,Sunday,False
688,2023-11-20,1811.36022444074,271.32879904610473,False,Monday,False
689,2023-11-21,1568.809383447862,263.32789934458117,False,Tuesday,False
690,2023-11-22,1429.518521739341,347.485586835506,False,Wednesday,False
691,2023-11-23,1346.7651362513345,393.09446591100584,False,Thursday,False
692,2023-11-24,1532.4341034452189,325.8826719820815,False,Friday,False
693,2023-11-25,1657.0249851619785,306.7926400184063,True,Saturday,False
694,2023-11-26,1993.2701670253884,456.1076095491299,True,Sunday,False
695,2023-11-27,1836.7547019689598,499.0281786306587,False,Monday,False
696,2023-11-28,1667.4294098499024,518.0985624773419,False,Tuesday,True
697,2023-11-29,1521.2138936353485,362.4665927084409,False,Wednesday,False
698,2023-11-30,1417.792927804545,277.72081057620704,False,Thursday,False
699,2023-12-01,1487.5798026739897,244.45293590671034,False,Friday,False
700,2023-12-02,1700.8880578041185,164.3183093844288,True,Saturday,False
701,2023-12-03,1827.9695194076032,211.47027677510667,True,Sunday,False
702,2023-12-04,1681.683773056305,228.8696892837172,False,Monday,False
703,2023-12-05,1725.7551703423082,207.7461611090932,False,Tuesday,False
704,2023-12-06,1472.520874395238,203.30112479428288,False,Wednesday,False
705,2023-12-07,1427.42880498216,268.18029854036917,False,Thursday,False
706,2023-12-08,1572.9093382696797,211.5871194251115,False,Friday,False
707,2023-12-09,1671.6911598867448,232.64382545953094,True,Saturday,False
708,2023-12-10,1776.0798434689038,117.54211776348833,True,Sunday,False
709,2023-12-11,1733.2657314204791,300.89369104870116,False,Monday,False
710,2023-12-12,1539.1869822206909,256.3305240160785,False,Tuesday,False
711,2023-12-13,1413.5413459204801,247.09860664388822,False,Wednesday,False
712,2023-12-14,1458.3507390228365,233.6524273957315,False,Thursday,False
713,2023-12-15,1410.5226544650175,261.97408343056213,False,Friday,False
714,2023-12-16,1632.2066264819684,178.87095892725455,True,Saturday,False
715,2023-12-17,1799.545003279877,213.09905646049566,True,Sunday,False
716,2023-12-18,1833.4193001805106,253.42682945986118,False,Monday,False
717,2023-12-19,1643.742581851933,254.50905284385632,False,Tuesday,False
718,2023-12-20,1558.6308198689362,239.09163363358434,False,Wednesday,False
719,2023-12-21,1498.899899873748,248.29163128836797,False,Thursday,False
720,2023-12-22,1418.0052918594033,259.23405306676176,False,Friday,False
721,2023-12-23,1767.6566793609918,278.6949482203012,True,Saturday,False
722,2023-12-24,1811.2149319474331,289.55443733682864,True,Sunday,False
723,2023-12-25,1868.2323577042669,422.29792282068144,False,Monday,True
724,2023-12-26,1829.2904725609808,405.12596314383825,False,Tuesday,False
725,2023-12-27,1626.6970905027408,244.48049990941962,False,Wednesday,False
726,2023-12-28,1658.1748181929818,250.55301799196178,False,Thursday,False
727,2023-12-29,1635.6588003979273,260.4274511608501,False,Friday,False
728,2023-12-30,1626.1232949308471,313.80720959071914,True,Saturday,False
729,2023-12-31,1866.4997934157,306.6508582379306,True,Sunday,False
730,2024-01-01,1793.0772898805521,405.87535765293046,False,Monday,True
731,2024-01-02,1819.5311125962803,370.64881667154907,False,Tuesday,False
732,2024-01-03,1632.792049577909,262.24758267143415,False,Wednesday,False
733,2024-01-04,1572.577364451168,198.92249187286478,False,Thursday,False
734,2024-01-05,1598.8759430370042,280.8746691197693,False,Friday,False
735,2024-01-06,1552.383407206659,194.17792447239128,True,Saturday,False
736,2024-01-07,1779.8488637199569,187.68089202941627,True,Sunday,False
737,2024-01-08,1921.4062690739233,279.4807295183654,False,Monday,False
738,2024-01-09,1768.977973269843,299.9642333338773,False,Tuesday,False
739,2024-01-10,1498.9573339855795,280.4311019505439,False,Wednesday,False
740,2024-01-11,1631.7280663683734,194.77377306005064,False,Thursday,False
741,2024-01-12,1514.5107896475865,211.61269099792895,False,Friday,False
742,2024-01-13,1808.4261438203293,161.25544266912965,True,Saturday,False
743,2024-01-14,1872.4293108080922,180.782731506325,True,Sunday,False
744,2024-01-15,1837.683932683833,265.5297706140737,False,Monday,False
745,2024-01-16,1895.3824517882922,228.22768560539603,False,Tuesday,False
746,2024-01-17,1498.420591343411,255.60300293431234,False,Wednesday,False
747,2024-01-18,1612.466281766478,227.33851202940033,False,Thursday,False
748,2024-01-19,1637.5930410435394,231.65446591024156,False,Friday,False
749,2024-01-20,1679.053763075832,137.80016709455333,True,Saturday,False
750,2024-01-21,1985.864123155247,152.30300261667287,True,Sunday,False
751,2024-01-22,1898.0179521189932,209.44946183151,False,Monday,False
752,2024-01-23,1778.9311854057682,220.72380241068,False,Tuesday,False
753,2024-01-24,1614.1341277739314,281.6092538982352,False,Wednesday,False
754,2024-01-25,1510.955774174175,221.5180333350417,False,Thursday,False
755,2024-01-26,1634.2501805827812,328.97146194512175,False,Friday,False
756,2024-01-27,1828.0509763614607,194.79953702642666,True,Saturday,False
757,2024-01-28,1747.276853540214,185.54508371084623,True,Sunday,False
758,2024-01-29,2096.860660461875,224.2492665945636,False,Monday,False
759,2024-01-30,1673.051042953286,271.0092963822697,False,Tuesday,False
760,2024-01-31,1711.782695318832,232.73086521286677,False,Wednesday,False
761,2024-02-01,1636.549218011608,253.66029443936085,False,Thursday,False
762,2024-02-02,1528.0158564222131,326.80253614806384,False,Friday,False
763,2024-02-03,1718.0168156196198,177.1182030082605,True,Saturday,False
764,2024-02-04,1833.5231469768448,214.47819978857027,True,Sunday,False
765,2024-02-05,1989.4477069202585,228.90470724622338,False,Monday,False
766,2024-02-06,1786.119657435348,248.95034528509115,False,Tuesday,False
767,2024-02-07,1724.1209801309055,303.1240190690653,False,Wednesday,False
768,2024-02-08,1669.1255190234106,231.190988266367,False,Thursday,False
769,2024-02-09,1728.6897744029889,304.37345673990785,False,Friday,False
770,2024-02-10,1763.001277029767,201.23255806366427,True,Saturday,False
771,2024-02-11,1906.4937668902362,163.12599672317197,True,Sunday,False
772,2024-02-12,1873.1163277670464,268.9722321716656,False,Monday,False
773,2024-02-13,1775.2398976728145,279.1766334888019,False,Tuesday,False
774,2024-02-14,1722.4717096353515,268.6542988665159,False,Wednesday,False
775,2024-02-15,1731.8002611177606,202.89325840328632,False,Thursday,False
776,2024-02-16,1550.4980753468549,228.18588472525394,False,Friday,False
777,2024-02-17,1753.8310752939576,172.57444093345487,True,Saturday,False
778,2024-02-18,1917.9333197592753,177.7669971269986,True,Sunday,False
779,2024-02-19,1998.1396348380686,268.6201629265203,False,Monday,False
780,2024-02-20,1771.2467253363595,255.33103002799763,False,Tuesday,False
781,2024-02-21,1701.3434240041304,209.93966923869698,False,Wednesday,False
782,2024-02-22,1577.6331535741915,261.4059355301789,False,Thursday,False
783,2024-02-23,1646.825500049157,268.31757235851467,False,Friday,False
784,2024-02-24,1822.58803832883,196.7937134379312,True,Saturday,False
785,2024-02-25,1968.3935270324905,212.42342176663865,True,Sunday,False
786,2024-02-26,1977.4594852820544,275.01766463646715,False,Monday,False
787,2024-02-27,1854.1784231585598,263.7754023768531,False,Tuesday,False
788,2024-02-28,1693.37787162058,247.89502865624058,False,Wednesday,False
789,2024-02-29,1601.8441992720807,200.17117199452025,False,Thursday,False
790,2024-03-01,1644.2406055184056,262.8885465739776,False,Friday,False
791,2024-03-02,1941.273969686067,186.23063061489333,True,Saturday,False
792,2024-03-03,1987.5618630263464,188.1473651158612,True,Sunday,False
793,2024-03-04,1996.8477665263624,211.69754272539072,False,Monday,False
794,2024-03-05,1923.5609374001822,217.56830378775214,False,Tuesday,False
795,2024-03-06,1670.1911168389815,281.5945855999871,False,Wednesday,False
796,2024-03-07,1698.1368069015898,248.81334538430036,False,Thursday,False
797,2024-03-08,1677.4419649962529,270.44502092117875,False,Friday,False
798,2024-03-09,1835.48340724144,180.84955128391383,True,Saturday,False
799,2024-03-10,2017.9701183843576,180.89268418487237,True,Sunday,False
800,2024-03-11,1909.4411115506346,278.1485141792799,False,Monday,False
801,2024-03-12,1784.3361663273313,234.51865815347878,False,Tuesday,False
802,2024-03-13,1606.7405739775802,252.8836233082295,False,Wednesday,False
803,2024-03-14,1665.1112919484826,236.1317413388487,False,Thursday,False
804,2024-03-15,1805.9668412904448,236.96511317703053,False,Friday,False
805,2024-03-16,2014.4750179488383,170.7248362959408,True,Saturday,False
806,2024-03-17,2034.5218706662297,186.6640131490114,True,Sunday,False
807,2024-03-18,2063.827641619178,235.6375413500957,False,Monday,False
808,2024-03-19,1732.85671108929,287.6726837672056,False,Tuesday,False
809,2024-03-20,1670.6428185482428,223.1617809334149,False,Wednesday,False
810,2024-03-21,1573.2857111660046,244.39385067515923,False,Thursday,False
811,2024-03-22,1657.5283031069557,236.80806825177476,False,Friday,False
812,2024-03-23,1812.4225164450845,223.409336530612,True,Saturday,False
813,2024-03-24,1958.2012129313882,185.89664329534725,True,Sunday,False
814,2024-03-25,1872.65185584619,280.95533618405904,False,Monday,False
815,2024-03-26,1975.5107508750134,205.43318880889083,False,Tuesday,False
816,2024-03-27,1634.6980792708791,258.0115079760778,False,Wednesday,False
817,2024-03-28,1689.3548428827305,276.6889238687031,False,Thursday,False
818,2024-03-29,1830.28934326354,252.46851967826274,False,Friday,False
819,2024-03-30,1779.537302966258,211.96441125196054,True,Saturday,False
820,2024-03-31,1819.0202571839711,164.48134649698883,True,Sunday,False
821,2024-04-01,2023.40278206471,292.2804232055674,False,Monday,False
822,2024-04-02,2002.5717764455294,318.9669437085775,False,Tuesday,False
823,2024-04-03,1869.8130232938595,239.11484318681022,False,Wednesday,False
824,2024-04-04,1583.9158079093809,236.63492435797684,False,Thursday,False
825,2024-04-05,1777.2812497043979,293.60153431353103,False,Friday,False
826,2024-04-06,1809.3802791797932,227.38716437192136,True,Saturday,False
827,2024-04-07,1993.58282711613,164.31419918540195,True,Sunday,False
828,2024-04-08,2286.951162561908,237.39439548712429,False,Monday,False
829,2024-04-09,1807.744927031025,241.5464617341848,False,Tuesday,False
830,2024-04-10,1737.3713976944691,209.6664846689717,False,Wednesday,False
831,2024-04-11,1690.5846112647653,222.44044160547406,False,Thursday,False
832,2024-04-12,1781.5710230186,219.87577699743795,False,Friday,False
833,2024-04-13,1840.1843871294584,156.96607304687615,True,Saturday,False
834,2024-04-14,2021.3907281736078,178.95945337839657,True,Sunday,False
835,2024-04-15,2002.836645004448,257.0264419760956,False,Monday,False
836,2024-04-16,1910.056580961405,417.17680620922545,False,Tuesday,False
837,2024-04-17,1700.9974463352132,340.71117020263944,False,Wednesday,False
838,2024-04-18,1717.0652585588814,400.19146337910064,False,Thursday,False
839,2024-04-19,1772.7070965411572,364.2421260980379,False,Friday,False
840,2024-04-20,1943.1295217719673,299.1778801352301,True,Saturday,False
841,2024-04-21,2102.8454875096018,320.9063761898012,True,Sunday,False
842,2024-04-22,2212.4628301381044,336.98013077793416,False,Monday,False
843,2024-04-23,1971.1347820802666,261.47229238552154,False,Tuesday,False
844,2024-04-24,1672.9745572193383,254.99356624639168,False,Wednesday,False
845,2024-04-25,1817.266176866972,264.77353792024445,False,Thursday,False
846,2024-04-26,1637.201149658932,258.67505931723457,False,Friday,False
847,2024-04-27,1809.843198276527,253.65900419732682,True,Saturday,False
848,2024-04-28,1976.704823791194,160.86780047246052,True,Sunday,False
849,2024-04-29,2169.225370346063,234.07009134994547,False,Monday,False
850,2024-04-30,1777.1239998310296,231.30578420725706,False,Tuesday,False
851,2024-05-01,1969.669606841052,233.33568642519236,False,Wednesday,False
852,2024-05-02,1738.720983328538,230.87838618080445,False,Thursday,False
853,2024-05-03,1708.9048511680155,285.67049593322656,False,Friday,False
854,2024-05-04,1844.061738180385,222.61512743969564,True,Saturday,False
855,2024-05-05,2025.9877363791336,162.8776111875157,True,Sunday,False
856,2024-05-06,2116.1012219929235,225.02933280687313,False,Monday,False
857,2024-05-07,1979.7355977691345,264.1424666915921,False,Tuesday,False
858,2024-05-08,1762.8954858698485,233.43330867157087,False,Wednesday,False
859,2024-05-09,1654.3966668022383,268.9879545326653,False,Thursday,False
860,2024-05-10,1693.2075976877395,256.087690625539,False,Friday,False
861,2024-05-11,1834.487622537769,134.52767655008304,True,Saturday,False
862,2024-05-12,2008.326957561767,226.42515603990185,True,Sunday,False
863,2024-05-13,2145.108770419277,303.8763301928657,False,Monday,False
864,2024-05-14,1920.3329693332244,231.61633928546843,False,Tuesday,False
865,2024-05-15,1518.7664807555618,238.36895320192048,False,Wednesday,False
866,2024-05-16,1744.2740330962718,258.57596172174715,False,Thursday,False
867,2024-05-17,1702.1654212001386,260.0337036996107,False,Friday,False
868,2024-05-18,1845.008045235719,199.7563281801849,True,Saturday,False
869,2024-05-19,1983.3935829761058,240.3061361629905,True,Sunday,False
870,2024-05-20,2143.357647032531,244.69158317517852,False,Monday,False
871,2024-05-21,1984.2953293858395,226.0510826638464,False,Tuesday,False
872,2024-05-22,1696.8598173428422,208.62042315956418,False,Wednesday,False
873,2024-05-23,1685.0780510763714,228.0720988017424,False,Thursday,False
874,2024-05-24,1601.5990871231143,249.00619081378608,False,Friday,False
875,2024-05-25,1714.2346134277943,233.83673590553363,True,Saturday,False
876,2024-05-26,1941.8507030367011,164.47166102891487,True,Sunday,False
877,2024-05-27,2111.488595112997,256.71363854916694,False,Monday,False
878,2024-05-28,2000.7489064525616,249.50731311781743,False,Tuesday,False
879,2024-05-29,1749.668907077623,285.6517982034425,False,Wednesday,False
880,2024-05-30,1713.0456428863936,325.80797277620866,False,Thursday,False
881,2024-05-31,1729.891561484388,234.07393681239037,False,Friday,False
882,2024-06-01,1814.5802942926218,165.31681672445333,True,Saturday,False
883,2024-06-02,2080.14630969524,211.32482631207216,True,Sunday,False
884,2024-06-03,2092.423406167845,270.45674468878934,False,Monday,False
885,2024-06-04,1938.4761560598654,305.401219772081,False,Tuesday,False
886,2024-06-05,1826.4890321898151,267.5178455597789,False,Wednesday,False
887,2024-06-06,1714.4893358303118,239.22123727638822,False,Thursday,False
888,2024-06-07,1744.693011142206,267.71964492076927,False,Friday,False
889,2024-06-08,1934.9794709618031,213.26110741748724,True,Saturday,False
890,2024-06-09,1985.7764451421879,204.61446543592092,True,Sunday,False
891,2024-06-10,1972.197674473173,265.21822093321896,False,Monday,False
892,2024-06-11,1887.9387841424716,282.0002406876746,False,Tuesday,False
893,2024-06-12,1661.7606594001854,285.0788677133702,False,Wednesday,False
894,2024-06-13,1594.5924771507089,291.4647697311258,False,Thursday,False
895,2024-06-14,1684.8249147279196,269.4612966276893,False,Friday,False
896,2024-06-15,1790.2886666140591,174.98645759049438,True,Saturday,False
897,2024-06-16,1988.3172509873752,184.4014105929997,True,Sunday,False
898,2024-06-17,1885.9484644654988,286.19526899525073,False,Monday,False
899,2024-06-18,1888.6663389587454,225.49192987038293,False,Tuesday,False
900,2024-06-19,1702.846874680599,261.06019926618706,False,Wednesday,False
901,2024-06-20,1589.296617637341,238.19983563017917,False,Thursday,False
902,2024-06-21,1708.6406072657246,250.86234468804452,False,Friday,False
903,2024-06-22,1907.6484592609381,218.35355587821897,True,Saturday,False
904,2024-06-23,1845.7179494187383,185.7329720405971,True,Sunday,False
905,2024-06-24,1958.5470393210303,251.39309644468446,False,Monday,False
906,2024-06-25,1829.3412022988148,209.20431577060242,False,Tuesday,False
907,2024-06-26,1621.5728641203564,272.3876069808166,False,Wednesday,False
908,2024-06-27,1693.3259061421275,269.3645254342323,False,Thursday,False
909,2024-06-28,1623.7811186446158,314.89764169916384,False,Friday,False
910,2024-06-29,1811.4137828325038,170.76665295140998,True,Saturday,False
911,2024-06-30,1825.8286428800266,186.57450982991816,True,Sunday,False
912,2024-07-01,2101.9196794244854,257.48151051132265,False,Monday,False
913,2024-07-02,1756.2673317875222,447.3235983929042,False,Tuesday,False
914,2024-07-03,1695.1432815506557,397.14113402839143,False,Wednesday,False
915,2024-07-04,1645.8844062915641,408.3706457731102,False,Thursday,True
916,2024-07-05,1884.0829667648795,418.2368952914962,False,Friday,False
917,2024-07-06,1795.7947384637066,185.59827369469073,True,Saturday,False
918,2024-07-07,1821.0589680169332,399.979843072705,True,Sunday,False
919,2024-07-08,2120.8853075935463,489.1955512961701,False,Monday,False
920,2024-07-09,2001.447907537393,515.581804005014,False,Tuesday,False
921,2024-07-10,1910.6236588920478,452.57739252688907,False,Wednesday,False
922,2024-07-11,1772.6311062055306,487.3619417336272,False,Thursday,False
923,2024-07-12,1770.0131320296516,462.36922706104565,False,Friday,False
924,2024-07-13,1991.5174474184448,449.22425037696615,True,Saturday,False
925,2024-07-14,2025.346760771431,134.30439285648674,True,Sunday,False
926,2024-07-15,2164.0148535637286,233.23234458185235,False,Monday,False
927,2024-07-16,2049.3069667075506,261.31635625193564,False,Tuesday,False
928,2024-07-17,1730.2469987974043,296.9657208770302,False,Wednesday,False
929,2024-07-18,1816.425021092929,248.02749216781038,False,Thursday,False
930,2024-07-19,1681.5975674990154,233.34401419920405,False,Friday,False
931,2024-07-20,1786.3342867778567,236.4347120832177,True,Saturday,False
932,2024-07-21,1951.1092406056043,136.55958298751267,True,Sunday,False
933,2024-07-22,1840.5485229141268,184.03582130139756,False,Monday,False
934,2024-07-23,1819.2635807371096,263.20043350159995,False,Tuesday,False
935,2024-07-24,1607.7506332305904,234.93837326942167,False,Wednesday,False
936,2024-07-25,1517.9854272824148,219.3630154860786,False,Thursday,False
937,2024-07-26,1657.3729675341503,271.2506934189806,False,Friday,False
938,2024-07-27,1717.9661990270806,187.31402141313598,True,Saturday,False
939,2024-07-28,2019.642077996439,163.07764107789814,True,Sunday,False
940,2024-07-29,1998.919885197943,211.59086803987316,False,Monday,False
941,2024-07-30,1838.7937686878108,276.17371984840435,False,Tuesday,False
942,2024-07-31,1624.4301668735097,269.50603533875983,False,Wednesday,False
943,2024-08-01,1583.2097834411975,247.0247240866185,False,Thursday,False
944,2024-08-02,1713.4199227840618,305.39910988143,False,Friday,False
945,2024-08-03,1729.6711580342865,147.89745701021542,True,Saturday,False
946,2024-08-04,1888.549320476908,134.23424487225782,True,Sunday,False
947,2024-08-05,1989.8401859407943,229.24275790356268,False,Monday,False
948,2024-08-06,1703.0710610873898,248.63241950933508,False,Tuesday,False
949,2024-08-07,1562.7779784262268,257.30018347968075,False,Wednesday,False
950,2024-08-08,1538.363923040348,242.76291826431012,False,Thursday,False
951,2024-08-09,1696.0303502206189,260.5616618954289,False,Friday,False
952,2024-08-10,1808.0338491036125,142.45381727428668,True,Saturday,False
953,2024-08-11,1949.5614768004948,223.31293812219778,True,Sunday,False
954,2024-08-12,2050.865082196017,247.53546464822293,False,Monday,False
955,2024-08-13,1792.1698036719624,283.51887494764384,False,Tuesday,False
956,2024-08-14,1708.8183506809128,260.28176039133115,False,Wednesday,False
957,2024-08-15,1575.1279156210544,263.7025965746135,False,Thursday,False
958,2024-08-16,1664.3243312153104,267.0930184069661,False,Friday,False
959,2024-08-17,1738.4199416646463,193.43125680051946,True,Saturday,False
960,2024-08-18,1747.8965893812913,199.2816827960263,True,Sunday,False
961,2024-08-19,1972.4773160417828,289.8745759039729,False,Monday,False
962,2024-08-20,1944.2197202669267,255.8956350910441,False,Tuesday,False
963,2024-08-21,1734.0622765899984,271.2701127276554,False,Wednesday,False
964,2024-08-22,1682.9747951795284,247.3079291713832,False,Thursday,False
965,2024-08-23,1722.5193878478767,293.20351646348416,False,Friday,False
966,2024-08-24,1795.989813192777,159.7082309382219,True,Saturday,False
967,2024-08-25,1946.3723342216226,234.02821298732448,True,Sunday,False
968,2024-08-26,1947.0563474072608,248.7952614806697,False,Monday,False
969,2024-08-27,1782.6256435113442,207.07674693645856,False,Tuesday,False
970,2024-08-28,1727.9851230954773,253.84313244732368,False,Wednesday,False
971,2024-08-29,1675.4838163842985,229.56845027575358,False,Thursday,False
972,2024-08-30,1581.4288189401757,275.2193064696617,False,Friday,False
973,2024-08-31,1740.8441053839579,160.42128062092826,True,Saturday,False
974,2024-09-01,1918.5771450126256,166.6144970035566,True,Sunday,False
975,2024-09-02,2032.541252958425,193.31377807163406,False,Monday,False
976,2024-09-03,1691.774759373036,236.4308104225277,False,Tuesday,False
977,2024-09-04,1453.7034993920645,177.2836202011313,False,Wednesday,False
978,2024-09-05,1501.1447041600306,202.4829152954283,False,Thursday,False
979,2024-09-06,1512.0258742298645,272.8124396843289,False,Friday,False
980,2024-09-07,1689.9423288627593,203.57400475952497,True,Saturday,False
981,2024-09-08,1890.316876713267,192.76372685354895,True,Sunday,False
982,2024-09-09,1946.7837027957532,220.9907157061236,False,Monday,False
983,2024-09-10,1949.6039347890883,248.5686593157406,False,Tuesday,False
984,2024-09-11,1679.649064706819,249.89192382728294,False,Wednesday,False
985,2024-09-12,1586.4453409513114,215.2490593242237,False,Thursday,False
986,2024-09-13,1667.5486677599267,295.10194905301455,False,Friday,False
987,2024-09-14,1684.0526135861435,206.32086871727014,True,Saturday,False
988,2024-09-15,1994.1241042436106,173.37107478511007,True,Sunday,False
989,2024-09-16,1991.7489082685029,250.80657516983592,False,Monday,False
990,2024-09-17,1890.2835700031349,256.2514842384266,False,Tuesday,False
991,2024-09-18,1557.9145281812876,188.7479539472713,False,Wednesday,False
992,2024-09-19,1457.9851506671928,242.5846785243821,False,Thursday,False
993,2024-09-20,1690.0025635482536,229.54047256006604,False,Friday,False
994,2024-09-21,1770.976765121883,149.95139970315253,True,Saturday,False
995,2024-09-22,1857.825859505803,171.56699121342135,True,Sunday,False
996,2024-09-23,1891.6966459477985,303.93059580548567,False,Monday,False
997,2024-09-24,1895.858511955859,269.2252858380103,False,Tuesday,False
998,2024-09-25,1550.632384456413,232.8646303065161,False,Wednesday,False
999,2024-09-26,1748.9837348306196,267.17748344068474,False,Thursday,False
1000,2024-09-27,1563.921107456756,291.9806630975801,False,Friday,False
1001,2024-09-28,1822.226361587316,207.73901048738307,True,Saturday,False
1002,2024-09-29,1922.4834749499041,181.78891109760522,True,Sunday,False
1003,2024-09-30,2051.222697043884,230.5918966688328,False,Monday,False
1004,2024-10-01,1801.4079417083478,270.9466994084077,False,Tuesday,False
1005,2024-10-02,1643.5428914937524,261.8045615626525,False,Wednesday,False
1006,2024-10-03,1581.6952574223992,276.855796600832,False,Thursday,False
1007,2024-10-04,1561.890947130428,269.05515405045907,False,Friday,False
1008,2024-10-05,1853.0545434247626,211.48658145958007,True,Saturday,False
1009,2024-10-06,1918.9997392933408,163.94294365318297,True,Sunday,False
1010,2024-10-07,1976.6084343290436,289.52182196902976,False,Monday,False
1011,2024-10-08,1773.5286627751123,255.927988140772,False,Tuesday,False
1012,2024-10-09,1446.9698067496365,312.25782617875797,False,Wednesday,False
1013,2024-10-10,1604.8016696985537,229.32436545731298,False,Thursday,False
1014,2024-10-11,1832.5742662528976,302.0789140949575,False,Friday,False
1015,2024-10-12,1893.544903127472,185.93732350387944,True,Saturday,False
1016,2024-10-13,1936.91835626151,160.45745989156654,True,Sunday,False
1017,2024-10-14,2000.8053176695732,235.48342497837035,False,Monday,False
1018,2024-10-15,1846.8743134031042,240.3895807541704,False,Tuesday,False
1019,2024-10-16,1701.1681494047034,262.7249783920575,False,Wednesday,False
1020,2024-10-17,1500.9319483907748,265.68506464106497,False,Thursday,False
1021,2024-10-18,1727.3257779325706,232.78899988184264,False,Friday,False
1022,2024-10-19,1866.4265073076692,179.26936223217052,True,Saturday,False
1023,2024-10-20,2026.069814866138,244.2681107583559,True,Sunday,False
1024,2024-10-21,2023.8792895573388,301.8262951030213,False,Monday,False
1025,2024-10-22,1851.3824223846377,263.08971009022093,False,Tuesday,False
1026,2024-10-23,1770.4478902468172,251.140104345046,False,Wednesday,False
1027,2024-10-24,1691.6778312562924,253.60093980154784,False,Thursday,False
1028,2024-10-25,1632.8017021772052,268.4055391819125,False,Friday,False
1029,2024-10-26,1765.8753614128002,149.31622304404783,True,Saturday,False
1030,2024-10-27,1979.2236925553805,172.27870387729965,True,Sunday,False
1031,2024-10-28,2143.994392551595,199.9424777836723,False,Monday,False
1032,2024-10-29,1742.8037673430345,261.97669367815837,False,Tuesday,False
1033,2024-10-30,1566.3024790753036,269.41587819108224,False,Wednesday,False
1034,2024-10-31,1606.8489260141405,235.50440613101878,False,Thursday,False
1035,2024-11-01,1675.1787235958232,297.219602898701,False,Friday,False
1036,2024-11-02,1847.4301280804546,143.22703010992976,True,Saturday,False
1037,2024-11-03,1990.748926217714,136.0687535937054,True,Sunday,False
1038,2024-11-04,2030.70026555178,256.73355455679916,False,Monday,False
1039,2024-11-05,1968.8411436382623,281.41294907836465,False,Tuesday,False
1040,2024-11-06,1545.4556317520342,300.51783074373606,False,Wednesday,False
1041,2024-11-07,1573.1866247033051,236.2334721139318,False,Thursday,False
1042,2024-11-08,1686.4050652785972,282.3604250029389,False,Friday,False
1043,2024-11-09,1732.835140866916,178.84474591497877,True,Saturday,False
1044,2024-11-10,1969.8362707463946,174.82118100177541,True,Sunday,False
1045,2024-11-11,2184.959189483216,276.5097981246002,False,Monday,False
1046,2024-11-12,1885.2582189085335,269.5696863524026,False,Tuesday,False
1047,2024-11-13,1727.9618377879754,202.70823529047252,False,Wednesday,False
1048,2024-11-14,1563.4048118516178,294.2962104917769,False,Thursday,False
1049,2024-11-15,1651.2936345104247,291.40274062442353,False,Friday,False
1050,2024-11-16,1788.7866857144265,161.23311895471412,True,Saturday,False
1051,2024-11-17,2006.6754196043346,191.87410600312228,True,Sunday,False
1052,2024-11-18,2173.498843413871,264.82090558848216,False,Monday,False
1053,2024-11-19,1931.2835107232809,257.8202129747172,False,Tuesday,False
1054,2024-11-20,1644.613785220372,233.4908453846374,False,Wednesday,False
1055,2024-11-21,1690.8603688100347,229.85129896185845,False,Thursday,False
1056,2024-11-22,1747.485745641944,249.23337787025665,False,Friday,False
1057,2024-11-23,1942.6961862233309,215.18187057778096,True,Saturday,False
1058,2024-11-24,2134.2156986297814,196.30800463783297,True,Sunday,False
1059,2024-11-25,1978.9366766038968,238.88157003741682,False,Monday,False
1060,2024-11-26,1868.7763173885455,423.15096131945035,False,Tuesday,False
1061,2024-11-27,1650.318112280873,314.5437213810977,False,Wednesday,False
1062,2024-11-28,1651.7116646626068,625.410942137935,False,Thursday,True
1063,2024-11-29,1859.112394083433,538.7565577634289,False,Friday,False
1064,2024-11-30,1994.1974979440959,360.07474288467785,True,Saturday,False
1065,2024-12-01,2254.241416649787,337.3578742879875,True,Sunday,False
1066,2024-12-02,2223.5911166105857,402.10752685514467,False,Monday,False
1067,2024-12-03,2048.1505848393613,475.7727747481274,False,Tuesday,False
1068,2024-12-04,1784.2775830475794,426.9169350874151,False,Wednesday,False
1069,2024-12-05,1951.1690383673085,260.39511645192147,False,Thursday,False
1070,2024-12-06,1740.50028574195,248.59238263362448,False,Friday,False
1071,2024-12-07,2013.2463618681666,194.31122481669365,True,Saturday,False
1072,2024-12-08,2219.121870310728,182.30465673180765,True,Sunday,False
1073,2024-12-09,2091.639485931544,211.5102332743429,False,Monday,False
1074,2024-12-10,1937.4502819423458,279.8880045834142,False,Tuesday,False
1075,2024-12-11,1745.646250285214,235.18730250516063,False,Wednesday,False
1076,2024-12-12,1671.4809782792022,203.30254304020747,False,Thursday,False
1077,2024-12-13,1877.7515768334163,237.15654517102263,False,Friday,False
1078,2024-12-14,1722.8950939844694,225.02279371902932,True,Saturday,False
1079,2024-12-15,2162.1372049511237,205.5066522634048,True,Sunday,False
1080,2024-12-16,1986.8687037217628,239.5404359677642,False,Monday,False
1081,2024-12-17,1966.3626506133007,239.52226887044714,False,Tuesday,False
1082,2024-12-18,1770.4978217152538,240.35094846347852,False,Wednesday,False
1083,2024-12-19,1766.5453674514217,312.30243950682524,False,Thursday,False
1084,2024-12-20,1632.6379160132572,261.4580635669466,False,Friday,False
1085,2024-12-21,1956.7491318734262,192.90124941573208,True,Saturday,False
1086,2024-12-22,2283.686305528458,210.90850362095526,True,Sunday,False
1087,2024-12-23,2023.2338741393392,407.1636747707954,False,Monday,False
1088,2024-12-24,2000.559031140692,392.22873562537893,False,Tuesday,False
1089,2024-12-25,1772.1160487367465,394.10950452745067,False,Wednesday,True
1090,2024-12-26,1871.1341510112807,397.8519622175781,False,Thursday,False
1091,2024-12-27,1870.700149965422,248.88333290470476,False,Friday,False
1092,2024-12-28,1977.7930024486918,201.8288863091094,True,Saturday,False
1093,2024-12-29,2229.203908236954,181.55837657421898,True,Sunday,False
1094,2024-12-30,2286.2115017392384,271.97920231646737,False,Monday,False
1095,2024-12-31,1992.601776270804,247.57850259674254,False,Tuesday,False
