timestamp,page_views,ad_spend,is_weekend,day_of_week,is_holiday,view_per_dollar
2022-01-01,1165.9627671592075,194.90142459033697,True,Saturday,True,0.1671592181843007
2022-01-02,1191.485835416805,175.85207096486445,True,Sunday,False,0.1475905677916414
2022-01-03,1266.9282687117889,269.4306561430208,False,Monday,False,0.21266449158718165
2022-01-04,1364.1938584313,295.6908956922408,False,Tuesday,False,0.21675137581418136
2022-01-05,1013.282519803795,242.97539875829992,False,Wednesday,False,0.2397903783096426
2022-01-06,996.3168890141,242.9758912915246,False,Thursday,False,0.24387410669306236
2022-01-07,1105.347390765418,297.37638446522175,False,Friday,False,0.26903432074806644
2022-01-08,1202.5747500338653,203.02304187458725,True,Saturday,False,0.16882363601004427
2022-01-09,1333.7579697497808,165.91576842195144,True,Sunday,False,0.12439720862779774
2022-01-10,1424.6145178449772,266.2768013075789,False,Monday,False,0.18691147533044758
2022-01-11,1425.2990702585332,236.0974692156261,False,Tuesday,False,0.16564766942056636
2022-01-12,1035.0224101316626,236.02810739289228,False,Wednesday,False,0.22804154294868625
2022-01-13,1010.1459953599132,257.258868146981,False,Thursday,False,0.25467493741369546
2022-01-14,1101.0344049117723,192.60159266026608,False,Friday,False,0.17492786038389016
2022-01-15,1264.154526175252,128.25246502460902,True,Saturday,False,0.10145315494984761
2022-01-16,1442.178275447833,163.1313741227708,True,Sunday,False,0.11311456905153726
2022-01-17,1400.5302692651644,219.6150663899673,False,Monday,False,0.1568085111828363
2022-01-18,1113.5561684321,259.4274199778582,False,Tuesday,False,0.23297201105098722
2022-01-19,1185.4194066313744,222.75927773436368,False,Wednesday,False,0.18791600381115942
2022-01-20,891.08407066417,207.63088895994125,False,Thursday,False,0.23300931505282488
2022-01-21,1071.865154817761,293.96946306764664,False,Friday,False,0.27425974409778014
2022-01-22,1124.0235766101314,173.22671098540394,True,Saturday,False,0.15411305829351638
2022-01-23,1328.859275791929,182.02584614063773,True,Sunday,False,0.1369790236307453
2022-01-24,1453.0382466936285,207.2575544135963,False,Monday,False,0.14263737027239884
2022-01-25,1274.104397146716,233.6685182642445,False,Tuesday,False,0.18339825118532813
2022-01-26,1116.176620643574,253.327677691296,False,Wednesday,False,0.2269602077359677
2022-01-27,1120.7388447814822,215.4701926773309,False,Thursday,False,0.1922572717815831
2022-01-28,1084.6665201573603,261.27094055037014,False,Friday,False,0.2408767447827796
2022-01-29,1199.275723886377,161.98083930243584,True,Saturday,False,0.13506555338043547
2022-01-30,1431.835984186524,171.2491875062017,True,Sunday,False,0.11960112009860846
2022-01-31,1518.2011491157343,231.94880163311808,False,Monday,False,0.15277870245863998
2022-02-01,1159.2721224057084,305.5683455352681,False,Tuesday,False,0.26358638289442876
2022-02-02,1139.485326438543,249.595083257862,False,Wednesday,False,0.21904194592656182
2022-02-03,1078.187624123304,218.268672131323,False,Thursday,False,0.20244034270825698
2022-02-04,1083.2533445239196,274.67634736309566,False,Friday,False,0.25356611982934935
2022-02-05,1342.0545469044662,143.37469050086935,True,Saturday,False,0.1068322378040238
2022-02-06,1359.7044500181914,186.26590785014267,True,Sunday,False,0.13698999650082092
2022-02-07,1456.3421392983416,191.20989628360672,False,Monday,False,0.1312946258464585
2022-02-08,1247.5660602704622,210.15441853304708,False,Tuesday,False,0.16845153553430853
2022-02-09,1116.92694622211,255.9058370760737,False,Wednesday,False,0.22911600256547554
2022-02-10,924.8053227634384,272.1539973998623,False,Thursday,False,0.2942824729713177
2022-02-11,949.3395780217202,255.1410484356991,False,Friday,False,0.2687563589915575
2022-02-12,1377.952300634719,176.5305515283528,True,Saturday,False,0.1281107854365049
2022-02-13,1350.761674065507,170.96688913232134,True,Sunday,False,0.12657072851182338
2022-02-14,1369.6102189851078,205.6443402889772,False,Monday,False,0.15014807675818986
2022-02-15,1123.2464146861582,228.40467374815876,False,Tuesday,False,0.20334333656606987
2022-02-16,1069.459414004972,236.1808368712064,False,Wednesday,False,0.22084132766361192
2022-02-17,929.256141637392,281.7136667865675,False,Thursday,False,0.303160403427816
2022-02-18,1220.6479160132822,260.3085486870539,False,Friday,False,0.21325440798460463
2022-02-19,1332.9901647977804,127.108795339118,True,Saturday,False,0.09535613892425147
2022-02-20,1382.7027301644814,189.72251908184384,True,Sunday,False,0.13721135783052596
2022-02-21,1645.5673327371385,238.4475315875105,False,Monday,False,0.14490293216436856
2022-02-22,1357.6037166732951,229.69233999082124,False,Tuesday,False,0.16918953386019367
2022-02-23,1118.886279807797,268.35028866522606,False,Wednesday,False,0.23983696422778855
2022-02-24,867.718642938244,280.92998567487854,False,Thursday,False,0.32375700114452016
2022-02-25,1286.0610676107085,277.938403573486,False,Friday,False,0.216116023238189
2022-02-26,1172.9052731974211,154.82347430332084,True,Saturday,False,0.13199998144885247
2022-02-27,1318.053286395001,170.72362872446357,True,Sunday,False,0.1295271067465024
2022-02-28,1569.9905289284195,259.9379029421069,False,Monday,False,0.16556654206030452
2022-03-01,1502.9377568964494,279.2663538136708,False,Tuesday,False,0.18581365231674854
2022-03-02,1256.111267157946,235.6247728646413,False,Wednesday,False,0.18758272378032365
2022-03-03,1137.40173445171,244.43023070008547,False,Thursday,False,0.21490228412383622
2022-03-04,1191.6598372952114,216.8099507798192,False,Friday,False,0.18193946291915566
2022-03-05,1344.0822566758193,144.11380127757988,True,Saturday,False,0.10722096848001085
2022-03-06,1499.694847610133,204.37577467182595,True,Sunday,False,0.1362782402016736
2022-03-07,1485.0185382619163,290.6872008571247,False,Monday,False,0.19574651316969316
2022-03-08,1320.5016762686655,247.83969635259,False,Tuesday,False,0.18768601419190115
2022-03-09,1171.203837255654,280.1059869367607,False,Wednesday,False,0.23916074898892115
2022-03-10,1060.8870650370432,260.849080751429,False,Thursday,False,0.24587827427448267
2022-03-11,1113.0486424306348,230.6464073618463,False,Friday,False,0.20722042017693776
2022-03-12,1177.152322420133,190.8418681652524,True,Saturday,False,0.16212164265444973
2022-03-13,1450.866326713794,226.1410969939791,True,Sunday,False,0.1558662523419285
2022-03-14,1401.448516750141,248.92521882670147,False,Monday,False,0.17761995239321476
2022-03-15,1261.433708308252,296.9393096744202,False,Tuesday,False,0.23539826763679458
2022-03-16,1212.9868520649843,171.40764687730768,False,Wednesday,False,0.14131039144035562
2022-03-17,1216.6372307023998,274.6570751312567,False,Thursday,False,0.22575100301072426
2022-03-18,1247.3617257119674,252.61141204714517,False,Friday,False,0.20251656503486185
2022-03-19,1130.466639784239,171.02977948602398,True,Saturday,False,0.15129131056770215
2022-03-20,1396.3866375338378,182.75282329606503,True,Sunday,False,0.1308755171267073
2022-03-21,1577.3158538314435,190.3729325619732,False,Monday,False,0.12069423641405749
2022-03-22,1267.3737596436977,243.40984336487463,False,Tuesday,False,0.1920584527750563
2022-03-23,1162.529758021357,260.7133771453524,False,Wednesday,False,0.22426383096557498
2022-03-24,1121.8859650612687,294.33682134224546,False,Thursday,False,0.2623589477974894
2022-03-25,1071.8445720513566,234.45189345179057,False,Friday,False,0.21873683887122114
2022-03-26,1325.4501507343796,155.74519191320437,True,Saturday,False,0.11750362080906031
2022-03-27,1387.768597015897,164.9472886924639,True,Sunday,False,0.1188579198629715
2022-03-28,1449.9702568343707,277.4620635310622,False,Monday,False,0.19135707248011263
2022-03-29,1369.100558849271,259.8625332897905,False,Tuesday,False,0.18980529341701896
2022-03-30,1048.8879062679152,234.1071938869888,False,Wednesday,False,0.2231956269950464
2022-03-31,1171.6774668933008,265.3980229934007,False,Thursday,False,0.22651116070116353
2022-04-01,1163.7104744216567,252.9123264804412,False,Friday,False,0.21733268887704574
2022-04-02,1351.1466049240223,209.05934971598668,True,Saturday,False,0.1547273618970034
2022-04-03,1500.724518752439,158.93840718367943,True,Sunday,False,0.10590778333908067
2022-04-04,1623.764046270725,240.17013560206692,False,Monday,False,0.14790950455742763
2022-04-05,1390.794088510198,238.2367554060353,False,Tuesday,False,0.17129549037789746
2022-04-06,1143.4319619772782,206.09455155603644,False,Wednesday,False,0.18024207684351215
2022-04-07,1128.7031756442452,258.8836083119373,False,Thursday,False,0.22936376356358773
2022-04-08,1200.4177100916706,257.8316581653967,False,Friday,False,0.21478495027010822
2022-04-09,1298.489395002401,180.15340369927384,True,Saturday,False,0.1387407586019913
2022-04-10,1486.3839702997125,172.9623859987456,True,Sunday,False,0.1163645393483823
2022-04-11,1465.4523620648902,207.5388777384876,False,Monday,False,0.14162103328016457
2022-04-12,1314.221485973282,237.3806403170392,False,Tuesday,False,0.18062453159578395
2022-04-13,1077.6054651749646,239.7185645041969,False,Wednesday,False,0.22245485221743486
2022-04-14,1242.716394378744,225.93168192335145,False,Thursday,False,0.18180470052968015
2022-04-15,1060.1358190883702,245.16142865001973,False,Friday,False,0.2312547357005996
2022-04-16,1262.3228713088756,192.12152570443612,True,Saturday,False,0.1521968191111276
2022-04-17,1408.6894250789162,236.5855770363159,True,Sunday,False,0.16794729400560535
2022-04-18,1588.1969606200823,255.2373343849552,False,Monday,False,0.16070886717054444
2022-04-19,1353.2295802705826,257.7265117216829,False,Tuesday,False,0.19045291019292504
2022-04-20,1329.9967670715705,247.766622527015,False,Wednesday,False,0.18629114646087108
2022-04-21,1079.4790230599692,192.43686354102877,False,Thursday,False,0.17826827518661117
2022-04-22,1195.9611482673092,249.2045837365235,False,Friday,False,0.20837180547007517
2022-04-23,1257.3468279032356,181.8069062982308,True,Saturday,False,0.14459566943944485
2022-04-24,1619.0698155694618,253.89726337455855,True,Sunday,False,0.15681674806917292
2022-04-25,1425.217202608104,244.22917105656632,False,Monday,False,0.17136277236173855
2022-04-26,1396.4231758667336,259.04642027000835,False,Tuesday,False,0.18550710468495563
2022-04-27,1292.0730821327022,248.9586469088427,False,Wednesday,False,0.19268155211306648
2022-04-28,1160.470880280958,214.93965887141405,False,Thursday,False,0.18521762374543657
2022-04-29,1160.0325176937731,284.28468443545063,False,Friday,False,0.24506613400857827
2022-04-30,1314.7359036989849,202.5579909806032,True,Saturday,False,0.15406743697400374
2022-05-01,1464.507462848847,203.7309584112914,True,Sunday,False,0.1391122705615865
2022-05-02,1529.3686913223066,222.71837635615785,False,Monday,False,0.14562765513631212
2022-05-03,1460.8685046517824,292.08382932808297,False,Tuesday,False,0.1999384807037818
2022-05-04,1387.5988980241862,207.9444681162316,False,Wednesday,False,0.14985920528787208
2022-05-05,1069.1646136179456,267.6057128140081,False,Thursday,False,0.2502942104569447
2022-05-06,1084.216511592022,606.0760258589471,False,Friday,False,0.5589990738740994
2022-05-07,1292.3943313945765,440.6462673307272,True,Saturday,False,0.34095342004111207
2022-05-08,1697.745664466802,453.3734251965647,True,Sunday,False,0.2670443722434433
2022-05-09,1668.501208881409,543.351898037277,False,Monday,False,0.3256526846639501
2022-05-10,1656.1587143782026,525.2580874611618,False,Tuesday,False,0.31715443870267446
2022-05-11,1493.0055268781862,493.8424541526638,False,Wednesday,False,0.33077068052471864
2022-05-12,1259.9346637431431,542.4192463288286,False,Thursday,False,0.4305137892764645
2022-05-13,1377.1344197613505,218.1308885882169,False,Friday,False,0.15839476920925244
2022-05-14,1599.0128348667722,194.20777291905543,True,Saturday,False,0.12145479303500187
2022-05-15,1623.5093694757586,152.4172729729859,True,Sunday,False,0.09388136332234559
2022-05-16,1481.1635791760566,296.49803215052617,False,Monday,False,0.20017912695062515
2022-05-17,1327.8953604202552,226.5024012299129,False,Tuesday,False,0.17057247730591432
2022-05-18,1094.1427627164812,240.3381545138297,False,Wednesday,False,0.21965886235643556
2022-05-19,1101.1210737455876,274.4055165210901,False,Thursday,False,0.24920558062490689
2022-05-20,1051.2497752665863,213.07407050698131,False,Friday,False,0.2026864362020414
2022-05-21,1316.0190616132195,186.82379803812387,True,Saturday,False,0.14196131612950127
2022-05-22,1427.941082272613,219.2142826284729,True,Sunday,False,0.15351773637577995
2022-05-23,1509.4826612449128,201.7755029631632,False,Monday,False,0.13367195804472062
2022-05-24,1241.7505422544275,255.53901575596916,False,Tuesday,False,0.20578933292997162
2022-05-25,1237.956179779117,257.79648382745273,False,Wednesday,False,0.20824362609785607
2022-05-26,1158.8605156521007,273.4546861533193,False,Thursday,False,0.23596859368311812
2022-05-27,1002.9034534501706,212.8914786736576,False,Friday,False,0.2122751476637877
2022-05-28,1349.3769029486828,140.3863016074717,True,Saturday,False,0.10403787207317468
2022-05-29,1582.7394077057563,195.65824696850692,True,Sunday,False,0.12362000087691083
2022-05-30,1389.331679487913,258.9095401969956,False,Monday,False,0.18635545710181012
2022-05-31,1467.4763656470982,363.5095034849119,False,Tuesday,False,0.24771063575161484
2022-06-01,1226.0655949116572,366.38816425944486,False,Wednesday,False,0.29883243260393794
2022-06-02,1065.13360287624,335.5939763271809,False,Thursday,False,0.31507218946145127
2022-06-03,1217.6859720134005,362.9623288893657,False,Friday,False,0.2980754785975077
2022-06-04,1424.1264178499068,294.786892173496,True,Saturday,False,0.2069948906772998
2022-06-05,1522.6357920861735,264.56417543374454,True,Sunday,False,0.17375407619392907
2022-06-06,1613.8879403404694,411.9679533088783,False,Monday,False,0.25526428633078985
2022-06-07,1347.1982260252496,264.21498762735365,False,Tuesday,False,0.19612183457729823
2022-06-08,1241.88000919552,214.26089508392056,False,Wednesday,False,0.17252946621044096
2022-06-09,1094.621441023854,269.6966082590149,False,Thursday,False,0.246383451073966
2022-06-10,1147.9303848642558,220.75954989318035,False,Friday,False,0.192310921292745
2022-06-11,1210.0408695823992,203.6125381122736,True,Saturday,False,0.1682691413411044
2022-06-12,1412.259261692466,214.75786737022213,True,Sunday,False,0.1520668854476862
2022-06-13,1578.3563726024297,225.37953044944868,False,Monday,False,0.14279381663206886
2022-06-14,1447.3771360301744,278.90128387732966,False,Tuesday,False,0.19269427223528784
2022-06-15,1241.0282494040266,262.3834278080949,False,Wednesday,False,0.21142421853337998
2022-06-16,1002.1587209922048,274.6618047998347,False,Thursday,False,0.27407016378393734
2022-06-17,1134.0374795501,306.9037894796184,False,Friday,False,0.2706293178258752
2022-06-18,1401.9198167586812,172.63835651991388,True,Saturday,False,0.12314424438272342
2022-06-19,1479.001619122462,157.38791506927532,True,Sunday,False,0.10641497144719726
2022-06-20,1710.2272241086598,223.3145671112343,False,Monday,False,0.1305759632189354
2022-06-21,1366.423984715682,225.5256914510369,False,Tuesday,False,0.16504810657137509
2022-06-22,1166.6586895664343,247.68694871757688,False,Wednesday,False,0.2123045505362197
2022-06-23,1056.947236051955,260.23455924449934,False,Thursday,False,0.24621338735560808
2022-06-24,1131.3355981228165,258.30072397990057,False,Friday,False,0.2283148558292424
2022-06-25,1277.1432813438942,204.8154974710807,True,Saturday,False,0.16037002305298148
2022-06-26,1508.9061017734025,180.3900567563372,True,Sunday,False,0.11955022021869124
2022-06-27,1565.2709456427417,293.6060223147195,False,Monday,False,0.18757520743104134
2022-06-28,1284.5711994893256,242.06029500286127,False,Tuesday,False,0.188436651155725
2022-06-29,1051.75623339001,331.6050749976886,False,Wednesday,False,0.31528700707469304
2022-06-30,970.0906737197248,268.77002043295016,False,Thursday,False,0.27705659657810733
2022-07-01,1164.3284736062,224.28527330751152,False,Friday,False,0.19263058354387494
2022-07-02,1244.5224527232483,297.87322505816667,True,Saturday,False,0.23934740944718533
2022-07-03,1278.234991765295,344.4741724572956,True,Sunday,False,0.26949205324254394
2022-07-04,1492.490414504928,393.29611644022447,False,Monday,True,0.26351667831024844
2022-07-05,1595.7982383041824,421.4200148227628,False,Tuesday,False,0.2640810126915518
2022-07-06,1249.2911659500028,264.1971287372064,False,Wednesday,False,0.21147762502290815
2022-07-07,1236.953706026765,247.8151326202938,False,Thursday,False,0.20034309401627
2022-07-08,1230.929984275652,224.59618845794785,False,Friday,False,0.1824605715410473
2022-07-09,1277.523396055688,134.55458325942408,True,Saturday,False,0.10532455505304794
2022-07-10,1504.5194623476746,166.60455143798936,True,Sunday,False,0.1107360560015735
2022-07-11,1431.4847912794876,275.6919638297041,False,Monday,False,0.19259161222613166
2022-07-12,1312.8941542138075,256.4228123239061,False,Tuesday,False,0.19531110828767323
2022-07-13,1161.949715172455,212.6278366386404,False,Wednesday,False,0.18299228775754936
2022-07-14,1039.0502304080087,255.19542777553545,False,Thursday,False,0.2456045148802158
2022-07-15,1197.9644407443338,261.55952139186513,False,Friday,False,0.2183366321201903
2022-07-16,1233.7457014564525,153.484276913966,True,Saturday,False,0.12440511584581479
2022-07-17,1368.248662990674,184.61175317836583,True,Sunday,False,0.13492558638781887
2022-07-18,1513.1330677308904,251.74626155338,False,Monday,False,0.1663741721875798
2022-07-19,1224.354935762568,215.7108910650813,False,Tuesday,False,0.1761832984572644
2022-07-20,1142.692236206878,260.7336208104485,False,Wednesday,False,0.2281748423144481
2022-07-21,1070.871265739038,266.82353579104705,False,Thursday,False,0.24916490368887123
2022-07-22,1174.570943865316,282.4915372952583,False,Friday,False,0.24050615143400877
2022-07-23,1308.1653021326972,211.6140615610471,True,Saturday,False,0.1617640073590497
2022-07-24,1427.327984086056,138.66991896128727,True,Sunday,False,0.0971535067674583
2022-07-25,1541.9027017268636,221.86524880254632,False,Monday,False,0.14389056362250804
2022-07-26,1436.105044120905,265.4510580162598,False,Tuesday,False,0.18484097601561772
2022-07-27,1151.3473088921817,265.41357852736627,False,Wednesday,False,0.23052434002972166
2022-07-28,1048.4252127553118,265.4514305891814,False,Thursday,False,0.25319062090424393
2022-07-29,1006.59962522003,365.5819447196416,False,Friday,False,0.36318505944181134
2022-07-30,1181.873042253792,197.126715320795,True,Saturday,False,0.16679178581218929
2022-07-31,1398.2584788729073,214.066969205418,True,Sunday,False,0.15309542008139349
2022-08-01,1471.832347133397,278.62005290479607,False,Monday,False,0.1893014876643038
2022-08-02,1295.587329788742,269.54173753917394,False,Tuesday,False,0.20804598141842381
2022-08-03,1150.9362205533969,240.5419226607896,False,Wednesday,False,0.2089967440116981
2022-08-04,1118.5664904096343,272.769076614798,False,Thursday,False,0.24385593431724048
2022-08-05,1103.003019109187,226.81524356387283,False,Friday,False,0.20563429078104836
2022-08-06,1285.8251716469372,172.89544179779972,True,Saturday,False,0.13446263583123685
2022-08-07,1427.0778752495532,165.43909356512688,True,Sunday,False,0.115928567343388
2022-08-08,1274.2588780371314,252.45622418158968,False,Monday,False,0.1981200433702085
2022-08-09,1215.9353686815064,319.43975700020525,False,Tuesday,False,0.2627111318807908
2022-08-10,1100.892431076112,193.9820442222476,False,Wednesday,False,0.176204358161162
2022-08-11,959.0280720076344,270.58780571123543,False,Thursday,False,0.282147951253174
2022-08-12,1182.008759211781,201.61852386431045,False,Friday,False,0.17057278323280714
2022-08-13,1336.986625436464,165.84204402631698,True,Saturday,False,0.1240416626996379
2022-08-14,1513.797103278613,212.66851790902095,True,Sunday,False,0.14048680463743726
2022-08-15,1395.918081383975,251.9284005728639,False,Monday,False,0.18047506077368874
2022-08-16,1402.056691357053,217.6676566621208,False,Tuesday,False,0.15524882695823083
2022-08-17,1148.734740953107,228.54088872220092,False,Wednesday,False,0.1989500975069146
2022-08-18,1024.7428249233744,270.3879324680403,False,Thursday,False,0.2638593078104827
2022-08-19,1020.2428586921086,228.0890010484859,False,Friday,False,0.22356343796503766
2022-08-20,1207.5718805170816,186.49375768745924,True,Saturday,False,0.15443698275551326
2022-08-21,1381.775944632907,181.3671551971144,True,Sunday,False,0.13125655856260962
2022-08-22,1439.3117300787248,230.4519895718255,False,Monday,False,0.16011263213926608
2022-08-23,1304.9894208928602,314.3183226797598,False,Tuesday,False,0.24085890479074265
2022-08-24,1115.411739116054,269.0175706695404,False,Wednesday,False,0.24118230177739797
2022-08-25,1071.0424698323782,189.2457224002718,False,Thursday,False,0.1766930142647746
2022-08-26,1219.9790893965676,255.5936294430828,False,Friday,False,0.2095065658621295
2022-08-27,1329.6023466312463,160.14640605694836,True,Saturday,False,0.12044684372188731
2022-08-28,1243.098344731501,205.5730000438867,True,Sunday,False,0.16537146953428597
2022-08-29,1235.7779871216203,226.22437784701896,False,Monday,False,0.18306231394681322
2022-08-30,1349.1583379822448,539.5816460432021,False,Tuesday,False,0.39993945176974705
2022-08-31,1018.5881923226394,558.1733576566228,False,Wednesday,False,0.5479872649847295
2022-09-01,1013.9878458907832,568.9963951123127,False,Thursday,False,0.5611471551835537
2022-09-02,1164.8678573592815,507.0148470755358,False,Friday,False,0.4352552470843537
2022-09-03,1281.7397929801698,462.98870221198064,True,Saturday,False,0.36121895001440724
2022-09-04,1632.0014469516848,458.7753799523804,True,Sunday,False,0.28111211592936924
2022-09-05,1650.799595436973,523.4238623099977,False,Monday,False,0.31707292863216713
2022-09-06,1409.300771471968,302.9636272084329,False,Tuesday,False,0.21497442798672242
2022-09-07,1072.0624419860833,262.14945132882866,False,Wednesday,False,0.2445281553219749
2022-09-08,1166.2592183099812,212.17348136994863,False,Thursday,False,0.1819265203128751
2022-09-09,1147.706123478138,277.5358584116433,False,Friday,False,0.24181787718494294
2022-09-10,1130.013941232663,243.664685910379,True,Saturday,False,0.21562980510185575
2022-09-11,1389.4912269167678,210.9739578165344,True,Sunday,False,0.15183540113792457
2022-09-12,1451.5769714661762,204.4189010213796,False,Monday,False,0.1408253954421065
2022-09-13,1370.784091199623,235.47297781401247,False,Tuesday,False,0.17177977139196407
2022-09-14,1141.037920146818,288.00733447559867,False,Wednesday,False,0.2524082060643003
2022-09-15,941.7110182848354,228.76991603143657,False,Thursday,False,0.24293006197177305
2022-09-16,1172.7893061564746,263.31458284438685,False,Friday,False,0.22451993845964963
2022-09-17,1252.5520008330263,203.2390216028801,True,Saturday,False,0.1622599472658327
2022-09-18,1384.1864011883094,152.1920858526575,True,Sunday,False,0.1099505714851715
2022-09-19,1371.396771860754,248.214239318146,False,Monday,False,0.18099374623826858
2022-09-20,1266.711736639524,152.76197979792784,False,Tuesday,False,0.12059727195959523
2022-09-21,1027.607750089394,219.2683707599713,False,Wednesday,False,0.21337749811725015
2022-09-22,1034.3891736930336,242.4229554582052,False,Thursday,False,0.23436339206131993
2022-09-23,1166.9671167093752,212.5665045410545,False,Friday,False,0.18215295143915583
2022-09-24,1117.0354241655089,228.97233911794905,True,Saturday,False,0.20498216454415924
2022-09-25,1268.477966162333,137.09575866118104,True,Sunday,False,0.108078943677636
2022-09-26,1536.5076670084077,236.79866539909048,False,Monday,False,0.1541148609171208
2022-09-27,1304.278047312015,253.92221731858277,False,Tuesday,False,0.19468411497218002
2022-09-28,1039.4234461664714,293.23819867198347,False,Wednesday,False,0.2821162056267674
2022-09-29,1128.3888878161824,206.9241354646168,False,Thursday,False,0.18338016059789955
2022-09-30,1046.3046238370755,284.8949125646488,False,Friday,False,0.2722867758338522
2022-10-01,1421.484085215994,180.3069918305876,True,Saturday,False,0.1268441860910388
2022-10-02,1434.9384219077258,150.55474046856148,True,Sunday,False,0.10492069775956069
2022-10-03,1427.8260091346413,263.86310422789813,False,Monday,False,0.18480060073132926
2022-10-04,1469.2644344755763,255.9717908672041,False,Tuesday,False,0.17421764582395813
2022-10-05,1057.629789725549,231.99349368523616,False,Wednesday,False,0.21935226857163093
2022-10-06,1126.0724353813546,252.09406254970057,False,Thursday,False,0.22387020108908592
2022-10-07,1125.4039012828737,238.4405920941472,False,Friday,False,0.21187112628838706
2022-10-08,1348.47981871931,183.40552035753743,True,Saturday,False,0.1360090954358686
2022-10-09,1538.6182124727472,199.8639202356314,True,Sunday,False,0.12989831955415743
2022-10-10,1447.6444173696543,297.5805044843606,False,Monday,False,0.20556187756732372
2022-10-11,1244.5696770385211,212.8655350351945,False,Tuesday,False,0.17103545021417554
2022-10-12,1178.9805785526748,313.991001239688,False,Wednesday,False,0.266324150670188
2022-10-13,1039.4340217291133,191.4373660143249,False,Thursday,False,0.1841746200454995
2022-10-14,1243.588941868573,245.4464471489325,False,Friday,False,0.1973694352573876
2022-10-15,1311.5877470099872,197.64951619453728,True,Saturday,False,0.15069484801540484
2022-10-16,1355.40755871619,188.429756032051,True,Sunday,False,0.13902073573392731
2022-10-17,1471.5954339408463,231.31901440538215,False,Monday,False,0.15718927163692223
2022-10-18,1213.355522109354,243.75633248928173,False,Tuesday,False,0.20089440238053585
2022-10-19,1065.5312397817042,235.209971960235,False,Wednesday,False,0.22074432281161702
2022-10-20,1158.0666205462385,232.3190572916737,False,Thursday,False,0.20060940637602792
2022-10-21,1056.8402488801742,275.4880629106308,False,Friday,False,0.2606714337408491
2022-10-22,1178.1820193153424,190.71046457895144,True,Saturday,False,0.16186842224071277
2022-10-23,1460.8313423437548,159.21271214218038,True,Sunday,False,0.10898774384641818
2022-10-24,1578.6362919604203,276.9879962629975,False,Monday,False,0.17546029929352605
2022-10-25,1383.6084640222853,259.21898562629826,False,Tuesday,False,0.18734995655687398
2022-10-26,1214.738790484902,274.3858635651688,False,Wednesday,False,0.22588054791239429
2022-10-27,1038.4097155400884,268.88886525770835,False,Thursday,False,0.2589429405693265
2022-10-28,1014.635236769377,225.13014967233784,False,Friday,False,0.2218828417482894
2022-10-29,1415.4487514486682,163.1945687940909,True,Saturday,False,0.11529528612538341
2022-10-30,1424.117746952917,202.41880815369785,True,Sunday,False,0.14213628654428254
2022-10-31,1443.7777234226396,268.311107963004,False,Monday,False,0.18583962310136076
2022-11-01,1426.3038415959377,249.3729521810756,False,Tuesday,False,0.1748385897229612
2022-11-02,1216.127592221488,253.51982149926343,False,Wednesday,False,0.20846482155393034
2022-11-03,1141.0520387908311,288.3299468736527,False,Thursday,False,0.2526878153420548
2022-11-04,1306.6880592866005,473.1890108822544,False,Friday,False,0.362128518370786
2022-11-05,1242.5362028827976,437.34907398243047,True,Saturday,False,0.35198095071012064
2022-11-06,1547.1972441915873,414.87037297431255,True,Sunday,False,0.268143169548549
2022-11-07,1628.7901513215882,484.4057164505127,False,Monday,False,0.29740216445775386
2022-11-08,1517.7520775767148,523.8994581069451,False,Tuesday,False,0.34518118330855296
2022-11-09,1433.2735898778546,515.6986430169702,False,Wednesday,False,0.35980474813668945
2022-11-10,1286.9309219167951,515.3414416273484,False,Thursday,False,0.4004421937890674
2022-11-11,1353.5019747001988,289.16436421462987,False,Friday,False,0.21364162714182952
2022-11-12,1549.5261782484793,180.6301152489828,True,Saturday,False,0.11657119304248197
2022-11-13,1592.5453142456067,200.4585891388489,True,Sunday,False,0.12587308338777584
2022-11-14,1459.4038987976062,240.6919973021963,False,Monday,False,0.16492486932541495
2022-11-15,1271.5344447449145,259.72499057465325,False,Tuesday,False,0.20426107342043517
2022-11-16,1038.0835770121396,246.09570836896947,False,Wednesday,False,0.23706733621323012
2022-11-17,1277.770307972914,252.9098789497816,False,Thursday,False,0.19793062757187088
2022-11-18,1077.0272998162914,267.8547107631074,False,Friday,False,0.24869816281239612
2022-11-19,1297.7639148037315,155.45337950299583,True,Saturday,False,0.11978556171097265
2022-11-20,1455.7854332079503,242.7716182705638,True,Sunday,False,0.1667633242734098
2022-11-21,1552.140317382584,219.8194785550089,False,Monday,False,0.1416234576817748
2022-11-22,1419.2074448138678,213.57434161636803,False,Tuesday,False,0.15048845917263262
2022-11-23,1303.6929433452642,284.74332620500206,False,Wednesday,False,0.2184128767885736
2022-11-24,1068.316332188653,273.7498808188881,False,Thursday,False,0.2562442158476211
2022-11-25,1138.570605873571,268.72359451156467,False,Friday,False,0.23601838403810352
2022-11-26,1375.73766122034,348.8503652779284,True,Saturday,False,0.2535733193263625
2022-11-27,1485.1466496720989,329.6325968145926,True,Sunday,False,0.2219528939363471
2022-11-28,1671.390337926406,373.08236885542505,False,Monday,True,0.22321677970107573
2022-11-29,1524.1215235930665,402.2741367458118,False,Tuesday,False,0.2639383608975377
2022-11-30,1360.739143645554,229.68514865463663,False,Wednesday,False,0.16879440098951481
2022-12-01,1275.0455108252554,279.2535920025325,False,Thursday,False,0.21901460742510243
2022-12-02,1374.2473975841938,245.58827855493584,False,Friday,False,0.17870747216742666
2022-12-03,1349.8988819322922,155.23508409622465,True,Saturday,False,0.11499756476130699
2022-12-04,1420.026914430467,170.3584247504102,True,Sunday,False,0.1199684477943407
2022-12-05,1576.431290804904,262.3879436282687,False,Monday,False,0.1664442625306537
2022-12-06,1332.2029203995803,233.0882634158808,False,Tuesday,False,0.17496453419120894
2022-12-07,1179.8314387095377,225.33338813300705,False,Wednesday,False,0.19098778074558648
2022-12-08,1218.3399264117315,257.31061634475736,False,Thursday,False,0.21119772139668072
2022-12-09,1293.8459803448832,257.34899713326166,False,Friday,False,0.19890234312484673
2022-12-10,1350.5229120355625,164.79170473886612,True,Saturday,False,0.12202066567718235
2022-12-11,1551.4158960039808,165.86885083145032,True,Sunday,False,0.1069144974333979
2022-12-12,1703.874680848277,256.96149812072906,False,Monday,False,0.15081009243754964
2022-12-13,1425.5704469845386,206.55746975508023,False,Tuesday,False,0.14489460706203913
2022-12-14,1443.903071079322,207.77608676870332,False,Wednesday,False,0.14389891602168978
2022-12-15,1229.830420141003,228.4466733624269,False,Thursday,False,0.18575461268573512
2022-12-16,1054.488517823335,243.5965854486446,False,Friday,False,0.2310092346491115
2022-12-17,1415.1054147950326,189.3272269679401,True,Saturday,False,0.13379019328772954
2022-12-18,1556.4980508654687,224.26068650848657,True,Sunday,False,0.14408028740144557
2022-12-19,1679.300552503447,275.7297886960606,False,Monday,False,0.1641932340729666
2022-12-20,1491.6166854980045,245.2018441010972,False,Tuesday,False,0.1643866326282291
2022-12-21,1276.5106513648498,249.42951376291933,False,Wednesday,False,0.19539947707935565
2022-12-22,1114.739848053582,219.9241190608657,False,Thursday,False,0.19728739350698682
2022-12-23,1218.6933915186576,399.4446059202283,False,Friday,False,0.32776464424941704
2022-12-24,1328.7101125178965,321.34024083239586,True,Saturday,False,0.24184375343050435
2022-12-25,1491.4105988713377,339.6815568101427,True,Sunday,True,0.2277585777298386
2022-12-26,1733.7115536202396,375.1830716934303,False,Monday,False,0.21640455178947962
2022-12-27,1667.5904714274566,265.58039542723515,False,Tuesday,False,0.15925996218957672
2022-12-28,1405.469958205632,295.98216739007734,False,Wednesday,False,0.21059302311090214
2022-12-29,1193.766534739303,246.73719554629423,False,Thursday,False,0.20668798158274487
2022-12-30,1300.313472510126,412.0513516629683,False,Friday,False,0.3168861665853112
2022-12-31,1537.5345568094676,350.7043197513334,True,Saturday,False,0.22809524390728406
2023-01-01,1522.2926481425031,317.96338584342493,True,Sunday,True,0.2088713929160749
2023-01-02,1700.613615989868,406.7227744543125,False,Monday,False,0.239162365060551
2023-01-03,1569.9444102961966,250.37777202345384,False,Tuesday,False,0.15948193476240083
2023-01-04,1315.2298328468762,252.93028295646496,False,Wednesday,False,0.19230880918279172
2023-01-05,1377.3798007198536,226.809706484336,False,Thursday,False,0.16466751317668482
2023-01-06,1263.1006294087813,250.7353052277683,False,Friday,False,0.19850778266584335
2023-01-07,1466.6811633416858,194.9399487373635,True,Saturday,False,0.13291228769394733
2023-01-08,1505.254372567778,223.53430823385125,True,Sunday,False,0.1485026798842838
2023-01-09,1596.6693942835943,278.77812478255623,False,Monday,False,0.1745997798796917
2023-01-10,1550.2041168909996,314.59547372534666,False,Tuesday,False,0.20293809718186098
2023-01-11,1308.6191021073375,226.97957311335853,False,Wednesday,False,0.17344968658018325
2023-01-12,1403.9642678631983,276.1696191016204,False,Thursday,False,0.19670701414783462
2023-01-13,1296.3643328336277,255.50026017215052,False,Friday,False,0.19708985637831553
2023-01-14,1452.519056790232,245.6940879965302,True,Saturday,False,0.1691503370285988
2023-01-15,1697.4375882739694,155.75105143934545,True,Sunday,False,0.09175657032416733
2023-01-16,1537.9773801928864,224.8083447345767,False,Monday,False,0.1461714246449985
2023-01-17,1398.8804757999433,232.01822063667933,False,Tuesday,False,0.16585993203172042
2023-01-18,1192.5563791534164,186.2831282707058,False,Wednesday,False,0.15620488182113978
2023-01-19,1351.2156267423595,234.2273493495772,False,Thursday,False,0.17334564869877578
2023-01-20,1251.3708955917198,227.22602015338907,False,Friday,False,0.18158167251120508
2023-01-21,1631.456648588082,184.51181359428625,True,Saturday,False,0.11309636315127897
2023-01-22,1569.139642848486,190.2526792733148,True,Sunday,False,0.12124649335093331
2023-01-23,1665.797479100626,306.2851251764766,False,Monday,False,0.18386696403325195
2023-01-24,1642.8892924445847,278.5127151455815,False,Tuesday,False,0.16952616127356973
2023-01-25,1512.212002955817,232.6928903301279,False,Wednesday,False,0.1538758387549491
2023-01-26,1480.3566459109825,223.04755985954927,False,Thursday,False,0.15067150235427906
2023-01-27,1436.3502907528612,264.7575751451952,False,Friday,False,0.18432660671264448
2023-01-28,1552.7563645009589,140.39300378938074,True,Saturday,False,0.09041534589652235
2023-01-29,1671.0753031069494,234.94376297563065,True,Sunday,False,0.14059436013374807
2023-01-30,1751.8362789069315,285.3832036216386,False,Monday,False,0.16290517958659076
2023-01-31,1464.879722692701,235.92473043685885,False,Tuesday,False,0.16105399425093317
2023-02-01,1328.9157621664408,198.6059641272737,False,Wednesday,False,0.14944962636570727
2023-02-02,1318.3616059807548,290.6161712249624,False,Thursday,False,0.22043737462209193
2023-02-03,1316.1505448281075,246.56380464242147,False,Friday,False,0.18733708359678816
2023-02-04,1429.6557151620052,217.13448935920383,True,Saturday,False,0.15187886639868303
2023-02-05,1735.354613576605,132.167170236169,True,Sunday,False,0.07616147685444502
2023-02-06,1770.396345782521,232.0187493113868,False,Monday,False,0.13105469284553553
2023-02-07,1577.3012911754497,250.1573109915455,False,Tuesday,False,0.1585983048331376
2023-02-08,1466.0028715584272,251.40941781294225,False,Wednesday,False,0.17149312780382395
2023-02-09,1210.2550302154714,236.4980358556227,False,Thursday,False,0.1954117355029849
2023-02-10,1337.668974406863,268.685497970425,False,Friday,False,0.20086097764924468
2023-02-11,1454.9838257092492,147.97138711852216,True,Saturday,False,0.10169967837710618
2023-02-12,1512.457248638881,175.7286154493612,True,Sunday,False,0.11618749264318459
2023-02-13,1715.1089800153206,253.60886895135692,False,Monday,False,0.1478674952474982
2023-02-14,1533.3378415344555,265.4331650217625,False,Tuesday,False,0.173108076923306
2023-02-15,1509.2256126060795,271.3484463426667,False,Wednesday,False,0.17979316284866875
2023-02-16,1379.0843085297493,216.26073724486392,False,Thursday,False,0.15681473272320884
2023-02-17,1294.3276266127466,203.9765748779313,False,Friday,False,0.15759269189960637
2023-02-18,1686.413335226081,218.3303046569553,True,Saturday,False,0.1294642897422807
2023-02-19,1760.9683966768584,189.96942035938773,True,Sunday,False,0.10787781354729646
2023-02-20,1742.966271520434,227.5454039033034,False,Monday,False,0.1305506639005755
2023-02-21,1580.5246260373535,296.5345592656757,False,Tuesday,False,0.18761780384854787
2023-02-22,1333.1368848078944,253.47023902878576,False,Wednesday,False,0.19013069244221753
2023-02-23,1296.2478113494908,285.3789155219148,False,Thursday,False,0.22015768360280896
2023-02-24,1494.9091589207885,252.02555444230327,False,Friday,False,0.16858921021277753
2023-02-25,1690.8522688612725,241.82243774645963,True,Saturday,False,0.14301807567690006
2023-02-26,1840.7806920745677,232.6602252732961,True,Sunday,False,0.1263921477854524
2023-02-27,1698.5205262785307,242.5310755456278,False,Monday,False,0.14278960530257173
2023-02-28,1535.4037522621318,279.1471285286307,False,Tuesday,False,0.18180698602394277
2023-03-01,1458.8436857438346,269.36127848755444,False,Wednesday,False,0.18464026072143064
2023-03-02,1205.4365925785892,291.0589467259705,False,Thursday,False,0.2414552109317975
2023-03-03,1434.95390994364,221.05229618259688,False,Friday,False,0.15404835977712975
2023-03-04,1549.3612010226966,200.5815437999532,True,Saturday,False,0.12946080208253188
2023-03-05,1694.8195593010005,211.75273460548763,True,Sunday,False,0.12494116759711071
2023-03-06,1602.663506944779,197.23781540730656,False,Monday,False,0.12306876306387535
2023-03-07,1652.332020735838,214.50224462002677,False,Tuesday,False,0.12981788280330114
2023-03-08,1403.2460517959464,188.823034667197,False,Wednesday,False,0.13456160053009347
2023-03-09,1236.7929971258948,241.91779496666328,False,Thursday,False,0.19560087704962817
2023-03-10,1150.9982339510125,271.52626767387886,False,Friday,False,0.23590502545066047
2023-03-11,1520.924422324957,225.07071156288083,True,Saturday,False,0.14798283745015225
2023-03-12,1854.4890432675568,182.22284341259325,True,Sunday,False,0.09826040443545668
2023-03-13,1903.3264987841007,298.8584663671388,False,Monday,False,0.1570190225156105
2023-03-14,1599.0805193697508,208.5969562535533,False,Tuesday,False,0.13044806295043107
2023-03-15,1389.4856450246175,198.89852681934536,False,Wednesday,False,0.14314543481003109
2023-03-16,1438.1855141364183,248.33356903310144,False,Thursday,False,0.17267144369912343
2023-03-17,1306.4952077253026,261.5219634681792,False,Friday,False,0.20017062590187895
2023-03-18,1562.2482426645574,179.0191575571772,True,Saturday,False,0.11459072423204883
2023-03-19,1786.5816267986197,117.9767369988037,True,Sunday,False,0.06603489884210134
2023-03-20,1871.116431981789,247.32639881461637,False,Monday,False,0.13218119117935442
2023-03-21,1608.3443120338206,210.8659149848544,False,Tuesday,False,0.1311074459660975
2023-03-22,1390.9601966399198,270.0901764649012,False,Wednesday,False,0.19417534528834537
2023-03-23,1307.463780445537,260.99794738290547,False,Thursday,False,0.1996215507353991
2023-03-24,1329.3131108792652,221.80360641017933,False,Friday,False,0.166855802891667
2023-03-25,1570.23498010861,164.5839924798992,True,Saturday,False,0.1048148809349001
2023-03-26,1769.6130560908027,148.22359434333146,True,Sunday,False,0.08376045476900335
2023-03-27,1829.3434303582,248.11962708180485,False,Monday,False,0.13563315830380795
2023-03-28,1550.3624437667204,278.65426961503715,False,Tuesday,False,0.1797349198797837
2023-03-29,1551.5333021123554,220.42821860993368,False,Wednesday,False,0.14207121323778793
2023-03-30,1362.9987519544588,265.12139546553533,False,Thursday,False,0.19451330757667024
2023-03-31,1440.731380568397,234.0922714488268,False,Friday,False,0.16248155249903196
2023-04-01,1504.876938356328,156.21381503212967,True,Saturday,False,0.10380504282479809
2023-04-02,1554.6496718562155,176.78908920136325,True,Sunday,False,0.1137163519227333
2023-04-03,1840.037521418831,218.9427303274188,False,Monday,False,0.11898818789227443
2023-04-04,1674.019048825044,233.39052083958452,False,Tuesday,False,0.13941927423310746
2023-04-05,1432.0209384397788,214.06366322233453,False,Wednesday,False,0.1494836126178169
2023-04-06,1377.6040885853454,308.94175398749167,False,Thursday,False,0.2242601895184141
2023-04-07,1461.4126965699231,251.05790655915183,False,Friday,False,0.17179124497030102
2023-04-08,1440.4793070678888,159.00823476022242,True,Saturday,False,0.11038564315365654
2023-04-09,1736.9976598077826,186.41939732202667,True,Sunday,False,0.10732276826593766
2023-04-10,1847.2683409309025,246.6301585092751,False,Monday,False,0.13351073747357659
2023-04-11,1520.4323212466088,243.37091201400327,False,Tuesday,False,0.1600669155825775
2023-04-12,1487.6109611439897,268.42500100130275,False,Wednesday,False,0.18044032210873256
2023-04-13,1283.9458381092013,272.7252313014192,False,Thursday,False,0.21241178810396485
2023-04-14,1466.849826693207,234.08496557168417,False,Friday,False,0.15958345654196493
2023-04-15,1598.453138906699,162.7254527806596,True,Saturday,False,0.10180182879302901
2023-04-16,1631.3817050987127,171.7484490854507,True,Sunday,False,0.10527790556230274
2023-04-17,1869.5190774794503,180.94236505793245,False,Monday,False,0.09678551411301196
2023-04-18,1566.831930852883,204.54426813404345,False,Tuesday,False,0.13054640009966012
2023-04-19,1392.8946846210447,291.0062280233357,False,Wednesday,False,0.20892191723921166
2023-04-20,1371.29484190293,299.3490314050385,False,Thursday,False,0.21829662174593706
2023-04-21,1500.119373812653,242.52891881330865,False,Friday,False,0.16167307952093524
2023-04-22,1535.3766627123882,197.296708891673,True,Saturday,False,0.12850052608141752
2023-04-23,1783.0913886389385,189.33750463630608,True,Sunday,False,0.10618496945399436
2023-04-24,1817.1043911468337,342.3664242536571,False,Monday,False,0.18841318414159933
2023-04-25,1702.9866318584263,283.5872473430373,False,Tuesday,False,0.1665234723736884
2023-04-26,1483.384373493252,246.162472255577,False,Wednesday,False,0.16594651841712743
2023-04-27,1423.5480331127403,221.3337867819872,False,Thursday,False,0.15548037834593972
2023-04-28,1390.0605332142516,201.80661039227283,False,Friday,False,0.14517828941278788
2023-04-29,1597.049635399312,186.1039090760167,True,Saturday,False,0.11652982158534161
2023-04-30,1645.8084858029736,157.3094776414709,True,Sunday,False,0.0955818851333247
2023-05-01,1524.7006299328937,207.33238871206976,False,Monday,False,0.13598235918692775
2023-05-02,1675.6030026233525,230.6028134727242,False,Tuesday,False,0.13762377670109716
2023-05-03,1522.037025611255,217.5535598915681,False,Wednesday,False,0.14293578686379058
2023-05-04,1182.3411532878104,300.61424905217694,False,Thursday,False,0.2542533922770429
2023-05-05,1343.002114921136,455.9249904013637,False,Friday,False,0.339481960107067
2023-05-06,1621.6478923371226,359.23661845338165,True,Saturday,False,0.22152565926975
2023-05-07,1942.691364561452,403.874121859581,True,Sunday,False,0.20789412524657644
2023-05-08,1911.30993323033,431.7968469223088,False,Monday,False,0.22591670739267455
2023-05-09,1684.9091266311248,403.63727165303226,False,Tuesday,False,0.23956026189975058
2023-05-10,1581.4475383912445,679.5155293382126,False,Wednesday,False,0.4296794631767942
2023-05-11,1614.2914603731842,649.9891083306626,False,Thursday,False,0.4026466869746069
2023-05-12,1474.0017655286963,423.22862469744894,False,Friday,False,0.2871289808432793
2023-05-13,1783.2678411810125,378.6358489847344,True,Saturday,False,0.21232696527178643
2023-05-14,1946.842578908994,358.0774617256999,True,Sunday,False,0.18392728082121856
2023-05-15,1811.3448797246592,412.86201739831256,False,Monday,False,0.22793120295295247
2023-05-16,1762.024441555561,482.1313357531918,False,Tuesday,False,0.27362352325121764
2023-05-17,1695.8390945173478,307.2824992141039,False,Wednesday,False,0.1811979097589795
2023-05-18,1515.8943217302028,208.04297278542575,False,Thursday,False,0.1372410792778555
2023-05-19,1549.5409319517846,266.88907710071715,False,Friday,False,0.17223751344506055
2023-05-20,1597.3211170451086,160.48072292634518,True,Saturday,False,0.10046866670317312
2023-05-21,1591.8929735799734,165.38623848705913,True,Sunday,False,0.10389281266511631
2023-05-22,1860.9638118862783,232.22818227283392,False,Monday,False,0.12478919836568275
2023-05-23,1611.4546360460624,224.08027690960552,False,Tuesday,False,0.13905466024127056
2023-05-24,1432.034436152471,251.4556488383448,False,Wednesday,False,0.17559329754244257
2023-05-25,1633.20053846998,225.07149650766888,False,Thursday,False,0.13781007978268306
2023-05-26,1434.7472483699312,258.1137047733952,False,Friday,False,0.17990186429466767
2023-05-27,1522.841963857965,178.4928567165259,True,Saturday,False,0.11721036125398883
2023-05-28,1688.7417404328337,172.8315585940077,True,Sunday,False,0.10234339239445224
2023-05-29,1872.4829088251047,222.77309013875205,False,Monday,False,0.1189720285770361
2023-05-30,1632.9832527057706,232.69686008295,False,Tuesday,False,0.14249800767851298
2023-05-31,1331.188661646256,272.6617367747727,False,Wednesday,False,0.20482576559627322
2023-06-01,1440.8091268843532,265.0275156287314,False,Thursday,False,0.18394352914867668
2023-06-02,1357.641369034788,220.67334265604347,False,Friday,False,0.16254170481924152
2023-06-03,1740.535623457599,182.9799691628768,True,Saturday,False,0.10512854014408764
2023-06-04,1828.080684087186,202.5416137011537,True,Sunday,False,0.11079467961354705
2023-06-05,1717.1031815272245,199.91784156635885,False,Monday,False,0.11642738987213808
2023-06-06,1723.7371861014883,266.3008057713981,False,Tuesday,False,0.15449037586389872
2023-06-07,1464.0465582500328,230.1212872316246,False,Wednesday,False,0.15718167290163734
2023-06-08,1416.223069015795,267.1179600577948,False,Thursday,False,0.18861291409652614
2023-06-09,1464.3828902467492,227.10222530372448,False,Friday,False,0.15508391064679652
2023-06-10,1491.696680295713,125.85353698006443,True,Saturday,False,0.08436938865823267
2023-06-11,1685.6166964587842,131.17372686350512,True,Sunday,False,0.07781942783260305
2023-06-12,1833.2278453423955,251.44254839984143,False,Monday,False,0.13715837288783872
2023-06-13,1554.2011163230177,257.79167505164446,False,Tuesday,False,0.16586764244613134
2023-06-14,1377.4303335936645,222.87050124686772,False,Wednesday,False,0.16180165037124372
2023-06-15,1296.356034055089,269.1577737633212,False,Thursday,False,0.20762642876847462
2023-06-16,1448.1649067842227,200.1543981319312,False,Friday,False,0.138212435057822
2023-06-17,1713.766642647133,178.0176060405805,True,Saturday,False,0.10387505603774
2023-06-18,1646.5669383534114,143.6695140071263,True,Sunday,False,0.08725397714519746
2023-06-19,1730.1833311737755,230.44491676593523,False,Monday,False,0.13319103970883758
2023-06-20,1718.7846273337468,251.42196013949243,False,Tuesday,False,0.14627892066355577
2023-06-21,1404.3191117764495,224.18759904148143,False,Wednesday,False,0.15964149256495297
2023-06-22,1389.7765370190189,238.46333367310524,False,Thursday,False,0.17158393980703815
2023-06-23,1318.8354593627805,280.18878427643324,False,Friday,False,0.2124516612647127
2023-06-24,1577.1470012313853,162.69324391430553,True,Saturday,False,0.10315667708037356
2023-06-25,1691.8681211875628,205.07076336195425,True,Sunday,False,0.12120966214435802
2023-06-26,1848.374294921296,216.10879436027147,False,Monday,False,0.11691830759282086
2023-06-27,1684.8189884388237,265.8941253374585,False,Tuesday,False,0.15781762145489564
2023-06-28,1647.881778245627,293.247058619737,False,Wednesday,False,0.17795394214015436
2023-06-29,1384.5145981478909,175.8506649961813,False,Thursday,False,0.12701250332168568
2023-06-30,1431.709623317631,226.0931423358857,False,Friday,False,0.15791829478101227
2023-07-01,1592.9849329097883,197.3121638154162,True,Saturday,False,0.1238631701650816
2023-07-02,1634.118794951674,323.9086384187102,True,Sunday,False,0.1982160901761669
2023-07-03,1757.2247724296149,411.1343762011393,False,Monday,False,0.23396800605803383
2023-07-04,1580.0459796898897,381.88044439852536,False,Tuesday,True,0.24168945037503006
2023-07-05,1518.5695740470962,402.597693624187,False,Wednesday,False,0.2651163967095926
2023-07-06,1553.638596021949,245.3296829382376,False,Thursday,False,0.15790653216674574
2023-07-07,1387.787588232666,285.0334618497942,False,Friday,False,0.20538695133653814
2023-07-08,1727.313490923288,187.6326252990364,True,Saturday,False,0.10862685105223285
2023-07-09,1802.5162693790528,190.12807986225607,True,Sunday,False,0.1054792586852784
2023-07-10,1749.1648116964916,237.643691016326,False,Monday,False,0.13586123470311443
2023-07-11,1421.2380570523676,235.3718132778252,False,Tuesday,False,0.16561040714458758
2023-07-12,1369.3342791018365,237.02325436541136,False,Wednesday,False,0.1730937857780628
2023-07-13,1441.0547702024762,261.8335642713489,False,Thursday,False,0.18169577568141967
2023-07-14,1371.7618839938414,237.3704655753921,False,Friday,False,0.1730405752959803
2023-07-15,1450.0501025829944,188.6932457068924,True,Saturday,False,0.130128776495909
2023-07-16,1659.916888033727,242.26202395936315,True,Sunday,False,0.14594828554719827
2023-07-17,1790.5488531598082,276.13374110295075,False,Monday,False,0.1542173734135505
2023-07-18,1628.689032344201,240.2192940349648,False,Tuesday,False,0.1474924244373482
2023-07-19,1423.4976256191658,286.0364176649184,False,Wednesday,False,0.20093916035898113
2023-07-20,1324.462815480737,237.75773880935347,False,Thursday,False,0.17951258127473751
2023-07-21,1338.6299056454438,188.8562639446644,False,Friday,False,0.14108176064810388
2023-07-22,1479.1347629590753,149.75741067247787,True,Saturday,False,0.10124663041039038
2023-07-23,1808.6669326194688,123.87624236922431,True,Sunday,False,0.06849035614855631
2023-07-24,1662.0500927503597,239.45459547876075,False,Monday,False,0.14407182823383585
2023-07-25,1652.671435537021,250.55255137568656,False,Tuesday,False,0.1516045754698191
2023-07-26,1487.0642038578744,300.2931193682585,False,Wednesday,False,0.20193688920035283
2023-07-27,1405.5159942001617,259.80782121292486,False,Thursday,False,0.18484871199261874
2023-07-28,1335.565712303705,243.42698413573407,False,Friday,False,0.18226507456218619
2023-07-29,1587.7831310064291,204.88216743550467,True,Saturday,False,0.12903661931818008
2023-07-30,1684.815995560143,113.66594072976343,True,Sunday,False,0.06746489885500728
2023-07-31,1642.451591100228,257.068436743257,False,Monday,False,0.15651507669157833
2023-08-01,1608.5800315271883,273.125955816609,False,Tuesday,False,0.169793202988665
2023-08-02,1259.2585569998116,205.6424126266048,False,Wednesday,False,0.16330435992156261
2023-08-03,1425.6772902150667,284.31262129620785,False,Thursday,False,0.1994228450207821
2023-08-04,1341.0111806337316,260.15489222483245,False,Friday,False,0.19399904786915284
2023-08-05,1509.4290620364798,167.54136258297595,True,Saturday,False,0.1109965130503939
2023-08-06,1718.8634522060586,198.98345598318852,True,Sunday,False,0.11576455112115226
2023-08-07,1698.924966143868,318.12078573413186,False,Monday,False,0.18724828469392968
2023-08-08,1602.1252109287525,255.45598765175487,False,Tuesday,False,0.15944820411612332
2023-08-09,1361.8558871880796,257.4466175890101,False,Wednesday,False,0.18904101381870764
2023-08-10,1432.190066685641,236.21917301379267,False,Thursday,False,0.16493563145599002
2023-08-11,1255.2110877066991,224.50466891605623,False,Friday,False,0.17885809894033972
2023-08-12,1529.9619066893547,204.91007449632733,True,Saturday,False,0.1339314878366658
2023-08-13,1818.0161192088287,154.31748522273398,True,Sunday,False,0.08488235257775957
2023-08-14,1613.905719706699,252.14698711658176,False,Monday,False,0.1562340253446808
2023-08-15,1519.2066758494238,235.6702765970465,False,Tuesday,False,0.15512719917800372
2023-08-16,1410.109664119262,264.36939477239173,False,Wednesday,False,0.18748144310996814
2023-08-17,1333.3528005104572,260.0098631586084,False,Thursday,False,0.1950045502278669
2023-08-18,1375.2911887786393,281.126198327737,False,Friday,False,0.20441212786173518
2023-08-19,1559.5040482136287,164.6995080343576,True,Saturday,False,0.10561018307263555
2023-08-20,1724.4615207431848,171.90375194119886,True,Sunday,False,0.09968546695499134
2023-08-21,1813.334989597952,220.6370885265308,False,Monday,False,0.12167475386081304
2023-08-22,1578.888061088304,236.67120219771664,False,Tuesday,False,0.14989739173439737
2023-08-23,1357.2020576112836,261.3190147913456,False,Wednesday,False,0.19254245403317094
2023-08-24,1350.993745651466,272.70965849936056,False,Thursday,False,0.20185856476179062
2023-08-25,1497.0954512292476,222.33504027467123,False,Friday,False,0.1485109316791488
2023-08-26,1505.3500661302735,206.0881776031698,True,Saturday,False,0.1369038220677468
2023-08-27,1600.9238872804642,220.6691357641485,True,Sunday,False,0.13783861776152617
2023-08-28,1775.5961790845197,262.403047096711,False,Monday,False,0.14778306587255866
2023-08-29,1559.2157457473584,306.303874376742,False,Tuesday,False,0.196447396848167
2023-08-30,1230.025990245957,226.7863240268928,False,Wednesday,False,0.18437522932466202
2023-08-31,1388.2880826534156,212.66035890065749,False,Thursday,False,0.15318172183269246
2023-09-01,1342.4764736931409,196.63839253287165,False,Friday,False,0.14647436762293584
2023-09-02,1486.5900068101744,224.8813293446755,True,Saturday,False,0.15127326856394713
2023-09-03,1668.1818183387918,199.63096969062173,True,Sunday,False,0.11966979108393482
2023-09-04,1685.7955541393912,248.33245987268637,False,Monday,False,0.14730876425846406
2023-09-05,1636.001049399191,258.3990587895946,False,Tuesday,False,0.1579455336440583
2023-09-06,1355.6812253913597,216.2353285810487,False,Wednesday,False,0.15950307825397936
2023-09-07,1352.5863692177568,323.3725593885048,False,Thursday,False,0.23907719813524464
2023-09-08,1335.4661104606432,253.8766354592568,False,Friday,False,0.19010339047217525
2023-09-09,1546.4626255007838,183.2818438381468,True,Saturday,False,0.11851682725199744
2023-09-10,1757.3230934517178,201.7729987169608,True,Sunday,False,0.11481838454682806
2023-09-11,1630.295182233878,264.4302769521014,False,Monday,False,0.1621977908256904
2023-09-12,1641.5857520037268,256.71652072837395,False,Tuesday,False,0.1563832534578377
2023-09-13,1349.541854326003,226.28576633664065,False,Wednesday,False,0.16767598990077545
2023-09-14,1386.6477380713304,264.14405071407987,False,Thursday,False,0.19049109839639175
2023-09-15,1385.60404306108,306.460734894251,False,Friday,False,0.22117482727404372
2023-09-16,1641.63891644078,220.3626013846493,True,Saturday,False,0.13423329526228286
2023-09-17,1656.0720809888005,227.7955987991819,True,Sunday,False,0.13755174150582303
2023-09-18,1710.325864586766,234.66352970706444,False,Monday,False,0.1372039881790373
2023-09-19,1577.1912832935784,220.31185539224256,False,Tuesday,False,0.1396861989575387
2023-09-20,1385.767051445531,246.22639239701056,False,Wednesday,False,0.17768238329823555
2023-09-21,1370.32801773337,251.67174736866085,False,Thursday,False,0.18365803231911265
2023-09-22,1207.464532065867,282.82574555412845,False,Friday,False,0.23423109999780958
2023-09-23,1424.8474554860022,129.22606110855543,True,Saturday,False,0.09069466391718237
2023-09-24,1583.838270999162,225.8865095838184,True,Sunday,False,0.1426196813903974
2023-09-25,1803.1151120173363,245.2597630426303,False,Monday,False,0.13602002523745263
2023-09-26,1664.1166766097872,237.1935679015774,False,Tuesday,False,0.1425342172429873
2023-09-27,1403.9296773003348,219.63686874219496,False,Wednesday,False,0.15644435208787832
2023-09-28,1302.799762086746,200.3542998440269,False,Thursday,False,0.15378748574770348
2023-09-29,1356.3235799844676,274.69511751885744,False,Friday,False,0.20252919109612708
2023-09-30,1590.165885239112,182.1995390156521,True,Saturday,False,0.11457895098048523
2023-10-01,1568.5176812604816,141.3011730077684,True,Sunday,False,0.09008580183438984
2023-10-02,1745.7224126613405,211.1476368380915,False,Monday,False,0.12095143838830512
2023-10-03,1641.7153400933112,239.92645902129613,False,Tuesday,False,0.14614376388032
2023-10-04,1406.4769907354637,300.0706457586818,False,Wednesday,False,0.21334913243178708
2023-10-05,1316.0670827692434,242.21225945909185,False,Thursday,False,0.18404248737035
2023-10-06,1437.7124585114425,204.9057114064568,False,Friday,False,0.1425220392251515
2023-10-07,1334.6941875055647,172.62770807742166,True,Saturday,False,0.1293387726517704
2023-10-08,1727.7347637544704,171.81829290756988,True,Sunday,False,0.09944714693023744
2023-10-09,1638.344204007887,169.09340071175285,False,Monday,False,0.1032099361648786
2023-10-10,1417.6035553396612,248.37115400446564,False,Tuesday,False,0.1752049457473005
2023-10-11,1431.900149177891,243.07196409373967,False,Wednesday,False,0.16975482838890452
2023-10-12,1392.0710110700668,270.88619094440253,False,Thursday,False,0.1945922217977773
2023-10-13,1358.4157124605508,305.46868284836034,False,Friday,False,0.22487128207244683
2023-10-14,1599.9047464380628,213.79695088643277,True,Saturday,False,0.13363104982494625
2023-10-15,1826.817258145554,171.93333928335508,True,Sunday,False,0.09411633184256686
2023-10-16,1863.5311818177263,216.80422273774988,False,Monday,False,0.11634053932291845
2023-10-17,1727.486306117671,327.2007940974958,False,Tuesday,False,0.18940861813998539
2023-10-18,1458.1792894304083,251.77655302043465,False,Wednesday,False,0.1726650178379527
2023-10-19,1324.777566051917,250.4178787573884,False,Thursday,False,0.18902635821625524
2023-10-20,1296.6912633836096,249.2762473866999,False,Friday,False,0.1922402459443075
2023-10-21,1517.5518876264605,185.94254282303564,True,Saturday,False,0.1225279638469961
2023-10-22,1626.632877543164,175.6691876422817,True,Sunday,False,0.10799559634353953
2023-10-23,1907.0348062078367,232.7901397935929,False,Monday,False,0.12206916152542549
2023-10-24,1574.4396145940457,233.59423176278824,False,Tuesday,False,0.14836658681445736
2023-10-25,1420.0369885694845,249.0174018935201,False,Wednesday,False,0.17535979970801677
2023-10-26,1381.7780943483324,233.69725686598704,False,Thursday,False,0.16912792135136737
2023-10-27,1381.6912122447454,228.61462651968503,False,Friday,False,0.16545999894453223
2023-10-28,1680.8961862637948,183.1929068307569,True,Saturday,False,0.10898525936806852
2023-10-29,1644.149909494236,172.35068347737433,True,Sunday,False,0.10482662346184228
2023-10-30,1746.6221398458815,295.1197896574807,False,Monday,False,0.1689660189945385
2023-10-31,1537.7422042320618,170.47090574820965,False,Tuesday,False,0.11085792227009968
2023-11-01,1313.0533491799736,282.74520555767384,False,Wednesday,False,0.21533413378386607
2023-11-02,1336.766085153101,287.38255577492885,False,Thursday,False,0.21498342826524858
2023-11-03,1348.1999045409643,187.7982930277555,False,Friday,False,0.1392955839821819
2023-11-04,1542.2000089193598,169.71937217758955,True,Saturday,False,0.1100501693658491
2023-11-05,1681.9745866489616,168.85677402012627,True,Sunday,False,0.10039198889237898
2023-11-06,1605.431597153235,207.77464915846537,False,Monday,False,0.12941980806089348
2023-11-07,1593.9567043505435,226.66549937227373,False,Tuesday,False,0.14220304651538726
2023-11-08,1307.9048563874385,216.68272463602517,False,Wednesday,False,0.16567162632496382
2023-11-09,1406.0009906243276,302.5681133027087,False,Thursday,False,0.21519765300332744
2023-11-10,1403.5410640108505,278.07035179442386,False,Friday,False,0.19812056727417143
2023-11-11,1432.537091496771,218.1466528498248,True,Saturday,False,0.15227993337463716
2023-11-12,1734.1435104314264,201.65016192129707,True,Sunday,False,0.11628228039277431
2023-11-13,1724.4923188714597,216.12844686348316,False,Monday,False,0.125328738492104
2023-11-14,1667.9218382531974,234.2643920116068,False,Tuesday,False,0.1404528597436857
2023-11-15,1568.0804149714738,264.6812368368376,False,Wednesday,False,0.16879315264048664
2023-11-16,1213.238053279148,213.33616573324164,False,Thursday,False,0.17584031852333942
2023-11-17,1423.905213344549,271.38995290517164,False,Friday,False,0.19059551883212478
2023-11-18,1578.480056346286,172.79023805525594,True,Saturday,False,0.10946621552838254
2023-11-19,1772.5486483854731,168.75537577351207,True,Sunday,False,0.09520493326218324
2023-11-20,1811.36022444074,271.32879904610473,False,Monday,False,0.14979284373425936
2023-11-21,1568.809383447862,263.3278993445812,False,Tuesday,False,0.16785206802234345
2023-11-22,1429.518521739341,347.485586835506,False,Wednesday,False,0.24307875802316237
2023-11-23,1346.7651362513343,393.0944659110058,False,Thursday,False,0.2918804885350449
2023-11-24,1532.4341034452189,325.8826719820815,False,Friday,False,0.21265689092237766
2023-11-25,1657.0249851619783,306.7926400184063,True,Saturday,False,0.18514665908216016
2023-11-26,1993.2701670253884,456.1076095491299,True,Sunday,False,0.22882377767675707
2023-11-27,1836.75470196896,499.0281786306587,False,Monday,False,0.27169015987584605
2023-11-28,1667.4294098499024,518.0985624773419,False,Tuesday,True,0.3107169391500536
2023-11-29,1521.2138936353483,362.4665927084409,False,Wednesday,False,0.23827457415750378
2023-11-30,1417.792927804545,277.72081057620704,False,Thursday,False,0.19588249110979716
2023-12-01,1487.5798026739897,244.45293590671037,False,Friday,False,0.16432929209397407
2023-12-02,1700.8880578041185,164.3183093844288,True,Saturday,False,0.09660736262477328
2023-12-03,1827.9695194076032,211.47027677510667,True,Sunday,False,0.11568588782795383
2023-12-04,1681.683773056305,228.8696892837172,False,Monday,False,0.1360955566977778
2023-12-05,1725.7551703423082,207.7461611090932,False,Tuesday,False,0.12037985728177548
2023-12-06,1472.520874395238,203.30112479428288,False,Wednesday,False,0.13806332278839736
2023-12-07,1427.42880498216,268.1802985403692,False,Thursday,False,0.18787647944635735
2023-12-08,1572.9093382696797,211.5871194251115,False,Friday,False,0.1345195900851307
2023-12-09,1671.6911598867448,232.64382545953092,True,Saturday,False,0.13916674984109642
2023-12-10,1776.0798434689038,117.54211776348832,True,Sunday,False,0.06618064958944302
2023-12-11,1733.2657314204791,300.8936910487012,False,Monday,False,0.17359928463023788
2023-12-12,1539.1869822206909,256.3305240160785,False,Tuesday,False,0.16653631233695393
2023-12-13,1413.54134592048,247.09860664388825,False,Wednesday,False,0.17480819174976506
2023-12-14,1458.3507390228365,233.6524273957315,False,Thursday,False,0.16021689511556705
2023-12-15,1410.5226544650177,261.97408343056213,False,Friday,False,0.18572837706738113
2023-12-16,1632.2066264819684,178.87095892725455,True,Saturday,False,0.10958842834304018
2023-12-17,1799.545003279877,213.0990564604957,True,Sunday,False,0.11841829799871537
2023-12-18,1833.4193001805104,253.4268294598612,False,Monday,False,0.13822633449692054
2023-12-19,1643.742581851933,254.50905284385632,False,Tuesday,False,0.15483510353373708
2023-12-20,1558.6308198689362,239.09163363358437,False,Wednesday,False,0.15339850244568456
2023-12-21,1498.899899873748,248.291631288368,False,Thursday,False,0.16564924135980097
2023-12-22,1418.005291859403,259.23405306676176,False,Friday,False,0.18281599832877432
2023-12-23,1767.6566793609918,278.6949482203012,True,Saturday,False,0.15766350529167775
2023-12-24,1811.214931947433,289.55443733682864,True,Sunday,False,0.15986751888440837
2023-12-25,1868.2323577042669,422.29792282068144,False,Monday,True,0.22604143487783943
2023-12-26,1829.2904725609808,405.1259631438383,False,Tuesday,False,0.2214661745745976
2023-12-27,1626.6970905027408,244.4804999094196,False,Wednesday,False,0.1502925783397457
2023-12-28,1658.1748181929818,250.55301799196175,False,Thursday,False,0.15110169039052546
2023-12-29,1635.6588003979273,260.4274511608501,False,Friday,False,0.15921868980101025
2023-12-30,1626.1232949308471,313.80720959071914,True,Saturday,False,0.19297873080654943
2023-12-31,1866.4997934157,306.6508582379306,True,Sunday,False,0.16429193258937289
2024-01-01,1793.077289880552,405.87535765293046,False,Monday,True,0.2263568670149006
2024-01-02,1819.5311125962803,370.648816671549,False,Tuesday,False,0.20370567675683873
2024-01-03,1632.792049577909,262.24758267143415,False,Wednesday,False,0.16061297134514307
2024-01-04,1572.577364451168,198.9224918728648,False,Thursday,False,0.1264945664166348
2024-01-05,1598.8759430370042,280.8746691197693,False,Friday,False,0.1756700826871274
2024-01-06,1552.383407206659,194.17792447239128,True,Saturday,False,0.12508374127870434
2024-01-07,1779.8488637199569,187.68089202941627,True,Sunday,False,0.1054476567393231
2024-01-08,1921.4062690739236,279.4807295183654,False,Monday,False,0.14545634310492236
2024-01-09,1768.977973269843,299.9642333338773,False,Tuesday,False,0.16956923029370036
2024-01-10,1498.9573339855797,280.4311019505439,False,Wednesday,False,0.18708411213073375
2024-01-11,1631.7280663683734,194.77377306005064,False,Thursday,False,0.1193665642422548
2024-01-12,1514.5107896475863,211.61269099792892,False,Friday,False,0.13972346215319428
2024-01-13,1808.4261438203291,161.25544266912965,True,Saturday,False,0.08916894019706824
2024-01-14,1872.429310808092,180.782731506325,True,Sunday,False,0.0965498299256509
2024-01-15,1837.683932683833,265.5297706140737,False,Monday,False,0.14449153409437637
2024-01-16,1895.382451788292,228.22768560539603,False,Tuesday,False,0.12041247157799914
2024-01-17,1498.420591343411,255.60300293431237,False,Wednesday,False,0.17058161400808777
2024-01-18,1612.466281766478,227.33851202940036,False,Thursday,False,0.14098807187481033
2024-01-19,1637.5930410435394,231.6544659102416,False,Friday,False,0.141460338499376
2024-01-20,1679.053763075832,137.80016709455333,True,Saturday,False,0.08207013386046638
2024-01-21,1985.864123155247,152.30300261667287,True,Sunday,False,0.0766935667152724
2024-01-22,1898.0179521189928,209.44946183151,False,Monday,False,0.11035167586148256
2024-01-23,1778.9311854057682,220.72380241068,False,Tuesday,False,0.12407663895123276
2024-01-24,1614.1341277739314,281.6092538982352,False,Wednesday,False,0.17446459315410506
2024-01-25,1510.955774174175,221.5180333350417,False,Thursday,False,0.1466078869556021
2024-01-26,1634.2501805827812,328.97146194512175,False,Friday,False,0.20129810346896151
2024-01-27,1828.0509763614607,194.79953702642663,True,Saturday,False,0.10656132654142622
2024-01-28,1747.276853540214,185.54508371084623,True,Sunday,False,0.10619100421029865
2024-01-29,2096.860660461875,224.2492665945636,False,Monday,False,0.10694524000711057
2024-01-30,1673.051042953286,271.0092963822697,False,Tuesday,False,0.16198507363163378
2024-01-31,1711.782695318832,232.7308652128668,False,Wednesday,False,0.1359581831556715
2024-02-01,1636.549218011608,253.66029443936085,False,Thursday,False,0.154997046008525
2024-02-02,1528.0158564222131,326.80253614806384,False,Friday,False,0.21387378591296732
2024-02-03,1718.0168156196198,177.1182030082605,True,Saturday,False,0.10309456892270351
2024-02-04,1833.5231469768448,214.4781997885703,True,Sunday,False,0.11697599789902129
2024-02-05,1989.4477069202585,228.90470724622335,False,Monday,False,0.11505942400495495
2024-02-06,1786.119657435348,248.95034528509115,False,Tuesday,False,0.13938055283628295
2024-02-07,1724.1209801309055,303.1240190690653,False,Wednesday,False,0.17581365957628467
2024-02-08,1669.1255190234106,231.190988266367,False,Thursday,False,0.1385102472111472
2024-02-09,1728.6897744029889,304.37345673990785,False,Friday,False,0.17607176327807264
2024-02-10,1763.001277029767,201.23255806366427,True,Saturday,False,0.11414203760685455
2024-02-11,1906.493766890236,163.12599672317197,True,Sunday,False,0.08556335171724888
2024-02-12,1873.1163277670464,268.9722321716656,False,Monday,False,0.14359611743511363
2024-02-13,1775.2398976728143,279.1766334888019,False,Tuesday,False,0.15726135597491825
2024-02-14,1722.4717096353515,268.6542988665159,False,Wednesday,False,0.15597022427926563
2024-02-15,1731.8002611177606,202.89325840328632,False,Thursday,False,0.11715742453597529
2024-02-16,1550.4980753468549,228.18588472525397,False,Friday,False,0.14716940856196004
2024-02-17,1753.8310752939576,172.57444093345487,True,Saturday,False,0.09839855352347994
2024-02-18,1917.9333197592755,177.7669971269986,True,Sunday,False,0.09268674530838776
2024-02-19,1998.1396348380688,268.6201629265203,False,Monday,False,0.1344351306800886
2024-02-20,1771.2467253363595,255.33103002799763,False,Tuesday,False,0.1441532827559697
2024-02-21,1701.3434240041304,209.93966923869695,False,Wednesday,False,0.12339640914154865
2024-02-22,1577.6331535741915,261.4059355301789,False,Thursday,False,0.16569500643286636
2024-02-23,1646.825500049157,268.31757235851467,False,Friday,False,0.16293017830395845
2024-02-24,1822.58803832883,196.7937134379312,True,Saturday,False,0.10797487380547914
2024-02-25,1968.3935270324905,212.42342176663865,True,Sunday,False,0.10791715114349305
2024-02-26,1977.4594852820544,275.01766463646715,False,Monday,False,0.139076257533155
2024-02-27,1854.17842315856,263.7754023768531,False,Tuesday,False,0.14225998915871127
2024-02-28,1693.37787162058,247.89502865624056,False,Wednesday,False,0.1463908515699467
2024-02-29,1601.8441992720807,200.17117199452025,False,Thursday,False,0.1249629471364838
2024-03-01,1644.2406055184056,262.8885465739776,False,Friday,False,0.1598844753569947
2024-03-02,1941.273969686067,186.23063061489333,True,Saturday,False,0.09593217316204451
2024-03-03,1987.5618630263464,188.1473651158612,True,Sunday,False,0.09466239447228073
2024-03-04,1996.8477665263624,211.69754272539072,False,Monday,False,0.10601586474148272
2024-03-05,1923.5609374001824,217.56830378775211,False,Tuesday,False,0.11310705034476828
2024-03-06,1670.1911168389815,281.5945855999871,False,Wednesday,False,0.16860021752057663
2024-03-07,1698.1368069015898,248.8133453843004,False,Thursday,False,0.1465213782382373
2024-03-08,1677.4419649962529,270.44502092117875,False,Friday,False,0.16122466622669887
2024-03-09,1835.48340724144,180.84955128391385,True,Saturday,False,0.09852965740274047
2024-03-10,2017.9701183843576,180.8926841848724,True,Sunday,False,0.08964091318145982
2024-03-11,1909.4411115506343,278.1485141792799,False,Monday,False,0.14567011912370464
2024-03-12,1784.3361663273313,234.5186581534788,False,Tuesday,False,0.13143188070675302
2024-03-13,1606.7405739775802,252.8836233082295,False,Wednesday,False,0.15738920607587653
2024-03-14,1665.1112919484826,236.1317413388487,False,Thursday,False,0.1418113867106935
2024-03-15,1805.9668412904448,236.96511317703053,False,Friday,False,0.13121232780094028
2024-03-16,2014.4750179488385,170.7248362959408,True,Saturday,False,0.08474904616577215
2024-03-17,2034.5218706662297,186.6640131490114,True,Sunday,False,0.09174834433600162
2024-03-18,2063.827641619178,235.6375413500957,False,Monday,False,0.11417500986915072
2024-03-19,1732.85671108929,287.6726837672056,False,Tuesday,False,0.16601065854220104
2024-03-20,1670.6428185482428,223.1617809334149,False,Wednesday,False,0.13357839177577066
2024-03-21,1573.2857111660046,244.39385067515923,False,Thursday,False,0.15533977645677105
2024-03-22,1657.5283031069555,236.8080682517748,False,Friday,False,0.14286818982691862
2024-03-23,1812.4225164450845,223.409336530612,True,Saturday,False,0.1232655931514307
2024-03-24,1958.201212931388,185.89664329534725,True,Sunday,False,0.09493235019350421
2024-03-25,1872.65185584619,280.95533618405904,False,Monday,False,0.150030735989154
2024-03-26,1975.5107508750132,205.43318880889083,False,Tuesday,False,0.10398991183312888
2024-03-27,1634.6980792708791,258.0115079760778,False,Wednesday,False,0.15783434950333955
2024-03-28,1689.3548428827305,276.6889238687031,False,Thursday,False,0.16378378114840492
2024-03-29,1830.28934326354,252.46851967826277,False,Friday,False,0.1379391300110467
2024-03-30,1779.537302966258,211.9644112519605,True,Saturday,False,0.11911209217061272
2024-03-31,1819.0202571839711,164.48134649698883,True,Sunday,False,0.09042304276018494
2024-04-01,2023.40278206471,292.2804232055674,False,Monday,False,0.1444499462965649
2024-04-02,2002.5717764455292,318.9669437085775,False,Tuesday,False,0.15927865730472285
2024-04-03,1869.8130232938595,239.11484318681025,False,Wednesday,False,0.12788168667559388
2024-04-04,1583.9158079093809,236.63492435797684,False,Thursday,False,0.1493986758490103
2024-04-05,1777.281249704398,293.60153431353103,False,Friday,False,0.1651970020852713
2024-04-06,1809.3802791797928,227.38716437192136,True,Saturday,False,0.12567129585108436
2024-04-07,1993.58282711613,164.31419918540195,True,Sunday,False,0.08242155628070644
2024-04-08,2286.951162561908,237.39439548712429,False,Monday,False,0.10380387625820059
2024-04-09,1807.744927031025,241.5464617341848,False,Tuesday,False,0.13361755750071
2024-04-10,1737.3713976944691,209.6664846689717,False,Wednesday,False,0.12068029032088581
2024-04-11,1690.5846112647653,222.4404416054741,False,Thursday,False,0.13157604779039203
2024-04-12,1781.5710230186,219.87577699743795,False,Friday,False,0.12341679010073481
2024-04-13,1840.1843871294584,156.96607304687615,True,Saturday,False,0.08529910053836005
2024-04-14,2021.390728173608,178.95945337839655,True,Sunday,False,0.0885328357769268
2024-04-15,2002.836645004448,257.0264419760956,False,Monday,False,0.12833120595091008
2024-04-16,1910.056580961405,417.1768062092255,False,Tuesday,False,0.21841070592748849
2024-04-17,1700.9974463352132,340.71117020263944,False,Wednesday,False,0.20030081228910673
2024-04-18,1717.0652585588814,400.19146337910064,False,Thursday,False,0.23306712507536143
2024-04-19,1772.7070965411572,364.2421260980379,False,Friday,False,0.20547225585587947
2024-04-20,1943.1295217719676,299.1778801352301,True,Saturday,False,0.15396702936323337
2024-04-21,2102.8454875096018,320.9063761898012,True,Sunday,False,0.15260578016592669
2024-04-22,2212.4628301381044,336.98013077793416,False,Monday,False,0.15230996253930262
2024-04-23,1971.1347820802664,261.47229238552154,False,Tuesday,False,0.13265064102292023
2024-04-24,1672.9745572193383,254.99356624639168,False,Wednesday,False,0.15241927329141103
2024-04-25,1817.266176866972,264.77353792024445,False,Thursday,False,0.14569882017873845
2024-04-26,1637.201149658932,258.67505931723457,False,Friday,False,0.15799833720561626
2024-04-27,1809.843198276527,253.6590041973268,True,Saturday,False,0.14015523800010996
2024-04-28,1976.704823791194,160.86780047246052,True,Sunday,False,0.08138180194447359
2024-04-29,2169.225370346063,234.07009134994547,False,Monday,False,0.10790492059965331
2024-04-30,1777.1239998310296,231.30578420725703,False,Tuesday,False,0.13015736900140326
2024-05-01,1969.669606841052,233.3356864251924,False,Wednesday,False,0.11846437880483682
2024-05-02,1738.720983328538,230.87838618080443,False,Thursday,False,0.13278633454967573
2024-05-03,1708.9048511680155,285.67049593322656,False,Friday,False,0.16716582888624507
2024-05-04,1844.061738180385,222.61512743969564,True,Saturday,False,0.12071999696678244
2024-05-05,2025.9877363791336,162.8776111875157,True,Sunday,False,0.08039417428982679
2024-05-06,2116.1012219929235,225.02933280687316,False,Monday,False,0.10634147859663477
2024-05-07,1979.7355977691343,264.1424666915921,False,Tuesday,False,0.1334231030594394
2024-05-08,1762.8954858698485,233.43330867157087,False,Wednesday,False,0.13241471802645755
2024-05-09,1654.3966668022383,268.9879545326653,False,Thursday,False,0.16258975850851332
2024-05-10,1693.2075976877395,256.087690625539,False,Friday,False,0.15124411854474004
2024-05-11,1834.487622537769,134.52767655008304,True,Saturday,False,0.07333256158140873
2024-05-12,2008.326957561767,226.42515603990185,True,Sunday,False,0.11274317420645291
2024-05-13,2145.108770419277,303.8763301928657,False,Monday,False,0.1416601033864921
2024-05-14,1920.3329693332244,231.61633928546843,False,Tuesday,False,0.12061259322433544
2024-05-15,1518.7664807555618,238.36895320192048,False,Wednesday,False,0.15694904794273296
2024-05-16,1744.2740330962718,258.57596172174715,False,Thursday,False,0.14824273985363834
2024-05-17,1702.1654212001386,260.0337036996107,False,Friday,False,0.15276641180753742
2024-05-18,1845.008045235719,199.7563281801849,True,Saturday,False,0.10826854045217128
2024-05-19,1983.3935829761056,240.3061361629905,True,Sunday,False,0.12115907716228884
2024-05-20,2143.357647032531,244.6915831751785,False,Monday,False,0.11416274064851141
2024-05-21,1984.2953293858395,226.0510826638464,False,Tuesday,False,0.11392007999827909
2024-05-22,1696.8598173428422,208.62042315956415,False,Wednesday,False,0.12294499582543501
2024-05-23,1685.0780510763714,228.0720988017424,False,Thursday,False,0.13534809183233834
2024-05-24,1601.5990871231145,249.00619081378608,False,Friday,False,0.155473484479231
2024-05-25,1714.2346134277943,233.83673590553363,True,Saturday,False,0.136408828799666
2024-05-26,1941.850703036701,164.47166102891487,True,Sunday,False,0.08469840692269037
2024-05-27,2111.488595112997,256.71363854916694,False,Monday,False,0.12157945780210518
2024-05-28,2000.7489064525616,249.50731311781743,False,Tuesday,False,0.12470695963553352
2024-05-29,1749.668907077623,285.6517982034425,False,Wednesday,False,0.16326048719728992
2024-05-30,1713.0456428863936,325.80797277620866,False,Thursday,False,0.1901922310880398
2024-05-31,1729.891561484388,234.0739368123904,False,Friday,False,0.1353113351287383
2024-06-01,1814.5802942926216,165.31681672445333,True,Saturday,False,0.09110471288838659
2024-06-02,2080.14630969524,211.32482631207216,True,Sunday,False,0.10159132813260292
2024-06-03,2092.423406167845,270.45674468878934,False,Monday,False,0.12925526635362752
2024-06-04,1938.4761560598652,305.401219772081,False,Tuesday,False,0.15754706026038393
2024-06-05,1826.4890321898151,267.5178455597789,False,Wednesday,False,0.14646561837770591
2024-06-06,1714.4893358303118,239.22123727638825,False,Thursday,False,0.13952914857912227
2024-06-07,1744.693011142206,267.71964492076927,False,Friday,False,0.1534479952696664
2024-06-08,1934.9794709618031,213.26110741748724,True,Saturday,False,0.11021362790556295
2024-06-09,1985.776445142188,204.6144654359209,True,Sunday,False,0.10304003048100907
2024-06-10,1972.197674473173,265.21822093321896,False,Monday,False,0.13447851823680193
2024-06-11,1887.938784142472,282.0002406876746,False,Tuesday,False,0.1493693773634525
2024-06-12,1661.7606594001854,285.0788677133702,False,Wednesday,False,0.17155230273429975
2024-06-13,1594.5924771507089,291.4647697311258,False,Thursday,False,0.1827832339030775
2024-06-14,1684.8249147279196,269.4612966276893,False,Friday,False,0.15993430193973854
2024-06-15,1790.2886666140591,174.98645759049438,True,Saturday,False,0.09774203504367993
2024-06-16,1988.3172509873752,184.4014105929997,True,Sunday,False,0.09274244867182442
2024-06-17,1885.9484644654988,286.1952689952508,False,Monday,False,0.1517513730558709
2024-06-18,1888.6663389587452,225.49192987038293,False,Tuesday,False,0.11939214736823264
2024-06-19,1702.846874680599,261.06019926618706,False,Wednesday,False,0.15330808844168903
2024-06-20,1589.296617637341,238.1998356301792,False,Thursday,False,0.14987752002158583
2024-06-21,1708.6406072657246,250.8623446880445,False,Friday,False,0.14681984240646742
2024-06-22,1907.648459260938,218.35355587821897,True,Saturday,False,0.11446215617882427
2024-06-23,1845.7179494187385,185.7329720405971,True,Sunday,False,0.10062911947033344
2024-06-24,1958.5470393210303,251.3930964446845,False,Monday,False,0.12835693572712706
2024-06-25,1829.3412022988148,209.2043157706024,False,Tuesday,False,0.11436046786007381
2024-06-26,1621.5728641203564,272.3876069808166,False,Wednesday,False,0.1679774082360319
2024-06-27,1693.3259061421277,269.3645254342323,False,Thursday,False,0.15907423636358364
2024-06-28,1623.7811186446158,314.89764169916384,False,Friday,False,0.19392862626830618
2024-06-29,1811.413782832504,170.76665295140998,True,Saturday,False,0.09427258121243977
2024-06-30,1825.8286428800263,186.57450982991816,True,Sunday,False,0.10218621038588768
2024-07-01,2101.9196794244854,257.48151051132265,False,Monday,False,0.1224982633883623
2024-07-02,1756.2673317875222,447.3235983929042,False,Tuesday,False,0.2547013147125045
2024-07-03,1695.1432815506555,397.1411340283914,False,Wednesday,False,0.23428174972035468
2024-07-04,1645.884406291564,408.3706457731102,False,Thursday,True,0.24811623721087037
2024-07-05,1884.0829667648795,418.2368952914962,False,Friday,False,0.2219843301325749
2024-07-06,1795.7947384637066,185.59827369469076,True,Saturday,False,0.10335160790896912
2024-07-07,1821.0589680169328,399.979843072705,True,Sunday,False,0.2196413461054853
2024-07-08,2120.8853075935463,489.1955512961701,False,Monday,False,0.23065629694574752
2024-07-09,2001.447907537393,515.581804005014,False,Tuesday,False,0.2576044083202707
2024-07-10,1910.623658892048,452.577392526889,False,Wednesday,False,0.2368741695522258
2024-07-11,1772.6311062055306,487.3619417336272,False,Thursday,False,0.27493703570218136
2024-07-12,1770.0131320296516,462.3692270610457,False,Friday,False,0.2612236139349163
2024-07-13,1991.5174474184448,449.22425037696615,True,Saturday,False,0.22556882489745922
2024-07-14,2025.346760771431,134.30439285648674,True,Sunday,False,0.06631180174072106
2024-07-15,2164.0148535637286,233.23234458185237,False,Monday,False,0.10777760799458573
2024-07-16,2049.3069667075506,261.31635625193564,False,Tuesday,False,0.12751450148621252
2024-07-17,1730.2469987974043,296.9657208770302,False,Wednesday,False,0.1716319814936446
2024-07-18,1816.425021092929,248.0274921678104,False,Thursday,False,0.1365470577027034
2024-07-19,1681.5975674990154,233.34401419920405,False,Friday,False,0.13876329194876805
2024-07-20,1786.3342867778567,236.4347120832177,True,Saturday,False,0.13235748416926627
2024-07-21,1951.1092406056043,136.55958298751267,True,Sunday,False,0.06999074175115176
2024-07-22,1840.5485229141268,184.0358213013976,False,Monday,False,0.09998966015305863
2024-07-23,1819.2635807371096,263.20043350159995,False,Tuesday,False,0.14467416172589967
2024-07-24,1607.7506332305904,234.93837326942167,False,Wednesday,False,0.14612861498137927
2024-07-25,1517.9854272824148,219.3630154860786,False,Thursday,False,0.14450930262143225
2024-07-26,1657.3729675341503,271.2506934189806,False,Friday,False,0.16366303706675572
2024-07-27,1717.9661990270806,187.314021413136,True,Saturday,False,0.10903242538719084
2024-07-28,2019.642077996439,163.07764107789814,True,Sunday,False,0.08074581276286207
2024-07-29,1998.919885197943,211.5908680398732,False,Monday,False,0.10585260050025487
2024-07-30,1838.7937686878108,276.17371984840435,False,Tuesday,False,0.1501928734756839
2024-07-31,1624.4301668735095,269.50603533875983,False,Wednesday,False,0.16590804630122682
2024-08-01,1583.2097834411975,247.0247240866185,False,Thursday,False,0.15602779029680833
2024-08-02,1713.4199227840618,305.39910988143,False,Friday,False,0.1782394997399121
2024-08-03,1729.6711580342865,147.89745701021542,True,Saturday,False,0.08550611272162041
2024-08-04,1888.549320476908,134.23424487225782,True,Sunday,False,0.07107796625526315
2024-08-05,1989.8401859407943,229.24275790356268,False,Monday,False,0.11520661785970361
2024-08-06,1703.0710610873898,248.63241950933508,False,Tuesday,False,0.14599063138950077
2024-08-07,1562.7779784262268,257.30018347968075,False,Wednesday,False,0.16464282644857284
2024-08-08,1538.363923040348,242.7629182643101,False,Thursday,False,0.15780590966052116
2024-08-09,1696.0303502206189,260.5616618954289,False,Friday,False,0.15363030612131157
2024-08-10,1808.0338491036125,142.45381727428668,True,Saturday,False,0.07878935305603513
2024-08-11,1949.5614768004948,223.31293812219775,True,Sunday,False,0.11454521479809181
2024-08-12,2050.865082196017,247.53546464822293,False,Monday,False,0.12069807360665964
2024-08-13,1792.1698036719624,283.51887494764384,False,Tuesday,False,0.1581986675407343
2024-08-14,1708.8183506809128,260.28176039133115,False,Wednesday,False,0.15231681020256874
2024-08-15,1575.1279156210544,263.7025965746135,False,Thursday,False,0.16741662309415592
2024-08-16,1664.3243312153104,267.0930184069661,False,Friday,False,0.16048135173985678
2024-08-17,1738.4199416646463,193.43125680051944,True,Saturday,False,0.11126842954602606
2024-08-18,1747.8965893812913,199.2816827960263,True,Sunday,False,0.11401228425450884
2024-08-19,1972.4773160417828,289.8745759039729,False,Monday,False,0.1469596499521075
2024-08-20,1944.2197202669267,255.8956350910441,False,Tuesday,False,0.13161868096673332
2024-08-21,1734.0622765899984,271.2701127276554,False,Wednesday,False,0.15643619977772832
2024-08-22,1682.9747951795284,247.3079291713832,False,Thursday,False,0.14694690014356515
2024-08-23,1722.5193878478767,293.20351646348416,False,Friday,False,0.17021783239828372
2024-08-24,1795.989813192777,159.7082309382219,True,Saturday,False,0.0889249091309179
2024-08-25,1946.3723342216224,234.02821298732448,True,Sunday,False,0.1202381522140342
2024-08-26,1947.0563474072608,248.7952614806697,False,Monday,False,0.12778020616196878
2024-08-27,1782.6256435113442,207.07674693645856,False,Tuesday,False,0.1161638999698036
2024-08-28,1727.985123095477,253.84313244732368,False,Wednesday,False,0.14690122562663868
2024-08-29,1675.4838163842985,229.5684502757536,False,Thursday,False,0.13701621467831504
2024-08-30,1581.4288189401757,275.2193064696617,False,Friday,False,0.17403205454046622
2024-08-31,1740.844105383958,160.42128062092826,True,Saturday,False,0.09215143396516023
2024-09-01,1918.5771450126256,166.6144970035566,True,Sunday,False,0.08684274043223848
2024-09-02,2032.541252958425,193.3137780716341,False,Monday,False,0.09510939952153988
2024-09-03,1691.774759373036,236.4308104225277,False,Tuesday,False,0.13975312559347314
2024-09-04,1453.7034993920645,177.2836202011313,False,Wednesday,False,0.1219530807178155
2024-09-05,1501.1447041600306,202.4829152954283,False,Thursday,False,0.13488567406879548
2024-09-06,1512.0258742298645,272.8124396843289,False,Friday,False,0.1804284201308944
2024-09-07,1689.9423288627593,203.57400475952497,True,Saturday,False,0.12046210174315201
2024-09-08,1890.316876713267,192.76372685354892,True,Sunday,False,0.10197429289670798
2024-09-09,1946.7837027957528,220.9907157061236,False,Monday,False,0.1135158032136603
2024-09-10,1949.6039347890885,248.5686593157406,False,Tuesday,False,0.12749700330422814
2024-09-11,1679.649064706819,249.8919238272829,False,Wednesday,False,0.14877627063776044
2024-09-12,1586.4453409513114,215.2490593242237,False,Thursday,False,0.13568009799515038
2024-09-13,1667.5486677599267,295.1019490530145,False,Friday,False,0.17696751810514455
2024-09-14,1684.0526135861437,206.32086871727012,True,Saturday,False,0.12251450284437106
2024-09-15,1994.1241042436104,173.37107478511007,True,Sunday,False,0.08694096541743138
2024-09-16,1991.7489082685029,250.80657516983592,False,Monday,False,0.12592278782161898
2024-09-17,1890.2835700031349,256.2514842384266,False,Tuesday,False,0.13556245650381527
2024-09-18,1557.9145281812876,188.7479539472713,False,Wednesday,False,0.12115424211854293
2024-09-19,1457.9851506671928,242.5846785243821,False,Thursday,False,0.16638350425816903
2024-09-20,1690.0025635482536,229.54047256006604,False,Friday,False,0.1358225588002264
2024-09-21,1770.976765121883,149.95139970315253,True,Saturday,False,0.08467157935458995
2024-09-22,1857.825859505803,171.56699121342135,True,Sunday,False,0.09234826307082386
2024-09-23,1891.6966459477983,303.93059580548567,False,Monday,False,0.16066561013180158
2024-09-24,1895.858511955859,269.2252858380103,False,Tuesday,False,0.14200705598028224
2024-09-25,1550.632384456413,232.8646303065161,False,Wednesday,False,0.15017397588284517
2024-09-26,1748.9837348306196,267.17748344068474,False,Thursday,False,0.15276155982465986
2024-09-27,1563.921107456756,291.9806630975801,False,Friday,False,0.1866978210764085
2024-09-28,1822.226361587316,207.73901048738307,True,Saturday,False,0.11400285654216116
2024-09-29,1922.483474949904,181.7889110976052,True,Sunday,False,0.09455941414650769
2024-09-30,2051.222697043884,230.5918966688328,False,Monday,False,0.1124168024277178
2024-10-01,1801.4079417083478,270.9466994084077,False,Tuesday,False,0.1504082962748893
2024-10-02,1643.5428914937524,261.8045615626525,False,Wednesday,False,0.15929280757906383
2024-10-03,1581.6952574223992,276.855796600832,False,Thursday,False,0.17503738175962447
2024-10-04,1561.890947130428,269.05515405045907,False,Friday,False,0.17226244543178804
2024-10-05,1853.0545434247624,211.4865814595801,True,Saturday,False,0.11412863275395911
2024-10-06,1918.9997392933408,163.94294365318297,True,Sunday,False,0.08543145697015773
2024-10-07,1976.608434329044,289.52182196902976,False,Monday,False,0.14647403954203372
2024-10-08,1773.5286627751125,255.927988140772,False,Tuesday,False,0.14430439919719767
2024-10-09,1446.9698067496363,312.257826178758,False,Wednesday,False,0.2158012038137758
2024-10-10,1604.8016696985535,229.32436545731295,False,Thursday,False,0.1428988826391172
2024-10-11,1832.5742662528976,302.0789140949575,False,Friday,False,0.16483856597671454
2024-10-12,1893.544903127472,185.93732350387944,True,Saturday,False,0.0981953600343864
2024-10-13,1936.91835626151,160.45745989156654,True,Sunday,False,0.0828416228143292
2024-10-14,2000.8053176695728,235.48342497837035,False,Monday,False,0.11769432183069585
2024-10-15,1846.874313403104,240.3895807541704,False,Tuesday,False,0.13016022747710515
2024-10-16,1701.1681494047034,262.7249783920575,False,Wednesday,False,0.15443798338453132
2024-10-17,1500.9319483907748,265.68506464106497,False,Thursday,False,0.17701339819298229
2024-10-18,1727.3257779325706,232.78899988184264,False,Friday,False,0.13476843966311142
2024-10-19,1866.4265073076688,179.26936223217052,True,Saturday,False,0.0960495157619507
2024-10-20,2026.069814866138,244.2681107583559,True,Sunday,False,0.12056253390976789
2024-10-21,2023.8792895573388,301.8262951030213,False,Monday,False,0.14913255778660423
2024-10-22,1851.3824223846375,263.08971009022093,False,Tuesday,False,0.14210446578149602
2024-10-23,1770.4478902468172,251.140104345046,False,Wednesday,False,0.14185116982462256
2024-10-24,1691.6778312562924,253.60093980154784,False,Thursday,False,0.14991089622142528
2024-10-25,1632.8017021772052,268.4055391819125,False,Friday,False,0.16438342685704949
2024-10-26,1765.8753614128002,149.31622304404783,True,Saturday,False,0.08455649039951857
2024-10-27,1979.2236925553805,172.27870387729965,True,Sunday,False,0.08704357396554313
2024-10-28,2143.994392551595,199.9424777836723,False,Monday,False,0.09325699660329718
2024-10-29,1742.8037673430345,261.9766936781584,False,Tuesday,False,0.15031909993949066
2024-10-30,1566.3024790753036,269.41587819108224,False,Wednesday,False,0.17200756673138703
2024-10-31,1606.8489260141405,235.5044061310188,False,Thursday,False,0.1465628798814322
2024-11-01,1675.1787235958232,297.219602898701,False,Friday,False,0.17742560761559215
2024-11-02,1847.4301280804543,143.22703010992976,True,Saturday,False,0.07752771156695801
2024-11-03,1990.748926217714,136.0687535937054,True,Sunday,False,0.0683505347167142
2024-11-04,2030.70026555178,256.7335545567992,False,Monday,False,0.12642611955686126
2024-11-05,1968.8411436382623,281.41294907836465,False,Tuesday,False,0.14293329352023587
2024-11-06,1545.4556317520342,300.51783074373606,False,Wednesday,False,0.19445257733025212
2024-11-07,1573.1866247033051,236.2334721139318,False,Thursday,False,0.15016239548723867
2024-11-08,1686.4050652785972,282.3604250029389,False,Friday,False,0.16743333545211594
2024-11-09,1732.835140866916,178.84474591497877,True,Saturday,False,0.10320932539809007
2024-11-10,1969.8362707463943,174.8211810017754,True,Sunday,False,0.0887490922966575
2024-11-11,2184.959189483216,276.5097981246002,False,Monday,False,0.1265514703686525
2024-11-12,1885.2582189085333,269.5696863524026,False,Tuesday,False,0.1429882037636571
2024-11-13,1727.9618377879754,202.7082352904725,False,Wednesday,False,0.11731059729303189
2024-11-14,1563.4048118516178,294.2962104917769,False,Thursday,False,0.18824056844447556
2024-11-15,1651.293634510425,291.4027406244236,False,Friday,False,0.17646936591675205
2024-11-16,1788.7866857144263,161.23311895471412,True,Saturday,False,0.09013546458185928
2024-11-17,2006.6754196043344,191.87410600312228,True,Sunday,False,0.0956179081721921
2024-11-18,2173.498843413871,264.82090558848216,False,Monday,False,0.12184083115155162
2024-11-19,1931.2835107232809,257.8202129747172,False,Tuesday,False,0.1334968229900961
2024-11-20,1644.613785220372,233.4908453846374,False,Wednesday,False,0.14197305621717776
2024-11-21,1690.8603688100347,229.85129896185845,False,Thursday,False,0.1359374808244038
2024-11-22,1747.485745641944,249.23337787025665,False,Friday,False,0.14262398333824464
2024-11-23,1942.6961862233309,215.18187057778096,True,Saturday,False,0.11076455088744577
2024-11-24,2134.2156986297814,196.30800463783297,True,Sunday,False,0.09198133289145399
2024-11-25,1978.9366766038968,238.8815700374168,False,Monday,False,0.12071208384866942
2024-11-26,1868.7763173885453,423.1509613194504,False,Tuesday,False,0.2264321082101295
2024-11-27,1650.318112280873,314.5437213810977,False,Wednesday,False,0.19059581243180618
2024-11-28,1651.7116646626068,625.410942137935,False,Thursday,True,0.3786441396027114
2024-11-29,1859.112394083433,538.7565577634289,False,Friday,False,0.2897923543934217
2024-11-30,1994.197497944096,360.07474288467785,True,Saturday,False,0.18056122488163504
2024-12-01,2254.241416649787,337.3578742879875,True,Sunday,False,0.14965472278003067
2024-12-02,2223.5911166105857,402.1075268551447,False,Monday,False,0.18083699105079903
2024-12-03,2048.1505848393613,475.7727747481274,False,Tuesday,False,0.2322938451253782
2024-12-04,1784.2775830475794,426.9169350874151,False,Wednesday,False,0.23926598593377663
2024-12-05,1951.1690383673083,260.39511645192147,False,Thursday,False,0.1334559493983227
2024-12-06,1740.50028574195,248.59238263362448,False,Friday,False,0.1428281194034123
2024-12-07,2013.2463618681663,194.31122481669365,True,Saturday,False,0.0965163670462988
2024-12-08,2219.121870310728,182.30465673180765,True,Sunday,False,0.08215171017456595
2024-12-09,2091.639485931544,211.5102332743429,False,Monday,False,0.10112174430487171
2024-12-10,1937.4502819423456,279.8880045834142,False,Tuesday,False,0.14446203197679944
2024-12-11,1745.646250285214,235.18730250516063,False,Wednesday,False,0.13472792810498366
2024-12-12,1671.4809782792022,203.30254304020747,False,Thursday,False,0.12163018645268008
2024-12-13,1877.7515768334165,237.15654517102263,False,Friday,False,0.12629814726128802
2024-12-14,1722.8950939844694,225.02279371902927,True,Saturday,False,0.1306073680891552
2024-12-15,2162.137204951124,205.5066522634048,True,Sunday,False,0.09504792378245502
2024-12-16,1986.8687037217628,239.5404359677642,False,Monday,False,0.12056178423821455
2024-12-17,1966.3626506133007,239.52226887044716,False,Tuesday,False,0.1218098140725675
2024-12-18,1770.4978217152538,240.3509484634785,False,Wednesday,False,0.1357533149804314
2024-12-19,1766.5453674514215,312.30243950682524,False,Thursday,False,0.17678710394932062
2024-12-20,1632.6379160132572,261.4580635669466,False,Friday,False,0.16014454950636067
2024-12-21,1956.7491318734264,192.90124941573208,True,Saturday,False,0.09858251437221541
2024-12-22,2283.686305528458,210.9085036209553,True,Sunday,False,0.09235441098472141
2024-12-23,2023.2338741393392,407.1636747707954,False,Monday,False,0.20124399851895433
2024-12-24,2000.559031140692,392.2287356253789,False,Tuesday,False,0.19605956611124606
2024-12-25,1772.1160487367465,394.10950452745067,False,Wednesday,True,0.22239486223737534
2024-12-26,1871.134151011281,397.8519622175781,False,Thursday,False,0.21262610273162583
2024-12-27,1870.700149965422,248.8833329047048,False,Friday,False,0.133042878576401
2024-12-28,1977.793002448692,201.8288863091094,True,Saturday,False,0.10204752775403009
2024-12-29,2229.203908236954,181.55837657421895,True,Sunday,False,0.08144538770246951
2024-12-30,2286.2115017392384,271.97920231646737,False,Monday,False,0.11896502231292198
2024-12-31,1992.601776270804,247.5785025967425,False,Tuesday,False,0.12424886173698534
